periodo,funcionario_id,score,metas_atingidas,promocao_sugerida
2025-Q1,412,2.56,4,0
2025-Q1,366,4.41,12,0
2025-Q1,583,2.22,7,0
2025-Q1,510,2.74,8,0
2025-Q1,96,3.07,1,0
2025-Q1,122,2.6,4,0
2025-Q1,347,3.26,4,0
2025-Q1,563,2.83,9,0
2025-Q1,420,2.79,6,0
2025-Q1,485,3.72,8,0
2025-Q1,462,2.65,9,0
2025-Q1,350,3.22,7,0
2025-Q1,591,3.99,5,0
2025-Q1,503,3.32,5,0
2025-Q1,482,2.67,7,0
2025-Q1,355,2.32,3,0
2025-Q1,553,4.14,7,0
2025-Q1,428,4.41,6,0
2025-Q1,448,3.67,7,0
2025-Q1,178,4.04,10,0
2025-Q1,137,3.04,3,0
2025-Q1,541,4.29,6,0
2025-Q1,413,2.78,9,0
2025-Q1,167,3.24,3,0
2025-Q1,257,3.63,8,0
2025-Q1,50,3.69,7,0
2025-Q1,386,3.55,9,0
2025-Q1,183,3.47,10,0
2025-Q1,574,3.7,4,0
2025-Q1,315,2.56,6,0
2025-Q1,409,3.6,4,0
2025-Q1,157,4.21,12,0
2025-Q1,62,3.07,6,0
2025-Q1,45,3.88,6,0
2025-Q1,239,2.79,4,0
2025-Q1,10,2.89,4,0
2025-Q1,432,3.67,6,0
2025-Q1,48,3.67,5,0
2025-Q1,59,2.21,5,0
2025-Q1,266,3.36,3,0
2025-Q1,447,3.16,11,0
2025-Q1,111,2.72,8,0
2025-Q1,533,3.3,1,0
2025-Q1,554,1.32,6,0
2025-Q1,13,4.15,7,0
2025-Q1,215,2.16,5,0
2025-Q1,254,3.75,8,0
2025-Q1,536,2.34,5,0
2025-Q1,73,2.98,10,0
2025-Q1,640,1.81,10,0
2025-Q1,16,4.19,6,0
2025-Q1,358,3.07,5,0
2025-Q1,39,1.71,5,0
2025-Q1,66,2.78,10,0
2025-Q1,94,3.83,7,0
2025-Q1,375,3.34,1,0
2025-Q1,71,3.52,6,0
2025-Q1,258,3.5,12,0
2025-Q1,408,4.44,5,0
2025-Q1,471,3.7,6,0
2025-Q1,265,4.49,6,0
2025-Q1,564,3.88,7,0
2025-Q1,469,2.66,5,0
2025-Q1,373,2.19,6,0
2025-Q1,311,4.5,6,0
2025-Q1,458,5.0,5,0
2025-Q1,250,4.3,4,0
2025-Q1,34,3.18,5,0
2025-Q1,415,2.47,3,0
2025-Q1,548,3.89,6,0
2025-Q1,27,3.37,3,0
2025-Q1,440,2.49,4,0
2025-Q1,247,3.94,7,0
2025-Q1,283,3.68,6,0
2025-Q1,521,3.47,3,0
2025-Q1,153,3.22,5,0
2025-Q1,260,4.15,4,0
2025-Q1,477,3.43,1,0
2025-Q1,442,3.36,2,0
2025-Q1,337,3.23,5,0
2025-Q1,180,2.94,8,0
2025-Q1,1,3.89,8,0
2025-Q1,525,3.95,6,0
2025-Q1,161,3.24,8,0
2025-Q1,147,3.98,8,0
2025-Q1,421,3.62,4,0
2025-Q1,511,4.25,4,0
2025-Q1,267,3.71,5,0
2025-Q1,551,3.57,5,0
2025-Q1,92,5.0,9,0
2025-Q1,518,3.18,5,0
2025-Q1,148,3.07,5,0
2025-Q1,584,3.58,5,0
2025-Q1,295,3.4,8,0
2025-Q1,176,2.76,7,0
2025-Q1,535,3.15,7,0
2025-Q1,110,2.69,4,0
2025-Q1,287,3.3,4,0
2025-Q1,237,2.89,5,0
2025-Q1,93,4.87,9,1
2025-Q1,106,3.08,3,0
2025-Q1,446,2.98,11,0
2025-Q1,406,3.02,7,0
2025-Q1,123,3.22,10,0
2025-Q1,639,4.37,9,0
2025-Q1,219,3.59,7,0
2025-Q1,622,2.88,6,0
2025-Q1,201,3.45,6,0
2025-Q1,203,2.95,6,0
2025-Q1,281,2.5,7,0
2025-Q1,436,3.67,5,0
2025-Q1,152,3.11,6,0
2025-Q1,345,3.95,4,0
2025-Q1,120,3.09,3,0
2025-Q1,333,2.73,5,0
2025-Q1,492,2.93,5,0
2025-Q1,589,3.75,5,0
2025-Q1,549,3.23,3,0
2025-Q1,206,4.69,5,0
2025-Q1,90,3.19,4,0
2025-Q1,626,4.03,4,0
2025-Q1,240,4.45,6,0
2025-Q1,324,2.77,7,0
2025-Q1,159,2.81,6,0
2025-Q1,390,2.67,2,0
2025-Q1,343,3.01,8,0
2025-Q1,452,2.62,9,0
2025-Q1,542,3.47,3,0
2025-Q1,194,3.35,7,0
2025-Q1,379,3.4,7,0
2025-Q1,431,2.71,4,0
2025-Q1,151,3.08,10,0
2025-Q1,522,3.78,11,0
2025-Q1,252,2.72,6,0
2025-Q1,229,3.15,5,0
2025-Q1,395,4.23,7,0
2025-Q1,592,4.07,7,0
2025-Q1,572,4.03,11,0
2025-Q1,346,3.22,9,0
2025-Q1,608,2.28,5,0
2025-Q1,588,4.14,5,0
2025-Q1,620,3.76,9,0
2025-Q1,255,3.53,7,0
2025-Q1,354,2.98,11,0
2025-Q1,322,4.11,4,0
2025-Q1,489,3.43,4,0
2025-Q1,108,3.53,8,0
2025-Q1,225,3.94,3,0
2025-Q1,104,3.56,10,0
2025-Q1,558,3.68,5,0
2025-Q1,117,5.0,5,0
2025-Q1,144,2.71,5,0
2025-Q1,213,4.63,2,0
2025-Q1,103,3.24,4,0
2025-Q1,205,3.53,2,0
2025-Q1,414,3.5,4,0
2025-Q1,310,3.9,4,0
2025-Q1,435,3.71,5,0
2025-Q1,410,3.23,7,0
2025-Q1,473,3.17,6,0
2025-Q1,514,3.6,7,0
2025-Q1,497,3.63,3,0
2025-Q1,274,3.16,8,0
2025-Q1,424,2.27,9,0
2025-Q1,244,3.84,7,0
2025-Q1,537,2.86,6,0
2025-Q1,2,5.0,5,0
2025-Q1,461,3.22,9,0
2025-Q1,101,3.45,3,0
2025-Q1,208,3.88,8,0
2025-Q1,197,3.93,3,0
2025-Q1,126,2.65,9,0
2025-Q1,607,4.16,4,0
2025-Q1,540,3.49,7,0
2025-Q1,387,3.96,4,0
2025-Q1,207,4.56,8,0
2025-Q1,309,3.57,9,0
2025-Q1,576,2.1,2,0
2025-Q1,199,3.39,10,0
2025-Q1,443,,11,0
2025-Q1,405,2.54,5,0
2025-Q1,277,3.95,3,0
2025-Q1,512,3.74,5,0
2025-Q1,417,3.05,4,0
2025-Q1,18,2.59,8,0
2025-Q1,134,3.14,7,0
2025-Q1,397,4.54,7,0
2025-Q1,613,1.89,6,0
2025-Q1,279,3.77,2,0
2025-Q1,231,3.68,11,0
2025-Q1,246,2.24,4,0
2025-Q1,434,3.78,7,0
2025-Q1,647,3.92,9,0
2025-Q1,419,3.56,2,0
2025-Q1,427,3.14,4,0
2025-Q1,650,3.48,10,0
2025-Q1,556,3.6,7,0
2025-Q1,70,4.02,9,0
2025-Q1,61,3.23,6,0
2025-Q1,235,4.15,3,0
2025-Q1,352,2.84,4,0
2025-Q1,78,3.97,4,0
2025-Q1,87,2.7,6,0
2025-Q1,60,4.94,7,0
2025-Q1,146,3.22,5,0
2025-Q1,6,3.36,5,0
2025-Q1,116,3.84,8,0
2025-Q1,8,3.5,7,0
2025-Q1,169,3.15,1,0
2025-Q1,501,3.35,6,0
2025-Q1,53,4.54,7,1
2025-Q1,305,2.24,6,0
2025-Q1,285,3.21,7,0
2025-Q1,504,3.53,7,0
2025-Q1,380,3.57,3,0
2025-Q1,317,3.49,4,0
2025-Q1,532,3.94,4,0
2025-Q1,306,3.31,10,0
2025-Q1,17,3.62,7,0
2025-Q1,642,3.09,7,0
2025-Q1,43,2.84,5,0
2025-Q1,37,2.4,7,0
2025-Q1,210,4.42,10,0
2025-Q1,484,3.22,4,0
2025-Q1,77,3.59,8,0
2025-Q1,340,2.6,9,0
2025-Q1,214,2.79,5,0
2025-Q1,124,3.81,9,0
2025-Q1,638,3.75,6,0
2025-Q1,475,2.32,5,0
2025-Q1,297,3.28,5,0
2025-Q1,433,3.33,12,0
2025-Q1,606,2.74,10,0
2025-Q1,449,3.18,7,0
2025-Q1,332,3.69,9,0
2025-Q1,291,3.37,5,0
2025-Q1,585,3.51,4,0
2025-Q1,314,3.68,6,0
2025-Q1,171,3.67,5,0
2025-Q1,172,3.61,8,0
2025-Q1,370,3.53,5,0
2025-Q1,36,3.49,4,0
2025-Q1,127,5.0,7,0
2025-Q1,407,2.09,7,0
2025-Q1,163,2.99,9,0
2025-Q1,430,2.52,5,0
2025-Q1,192,3.81,4,0
2025-Q1,517,3.54,3,0
2025-Q1,480,2.04,6,0
2025-Q1,493,3.26,5,0
2025-Q1,140,4.24,5,0
2025-Q1,491,3.37,6,0
2025-Q1,327,3.28,3,0
2025-Q1,88,4.48,7,0
2025-Q1,649,3.23,9,0
2025-Q1,105,3.27,5,0
2025-Q1,129,3.64,11,0
2025-Q1,399,3.41,4,0
2025-Q1,211,,9,0
2025-Q1,248,3.46,6,0
2025-Q1,600,1.95,11,0
2025-Q1,454,4.73,8,0
2025-Q1,3,3.75,4,0
2025-Q1,453,3.83,4,0
2025-Q1,515,3.67,2,0
2025-Q1,253,3.91,10,0
2025-Q1,316,4.32,11,0
2025-Q1,114,3.71,7,0
2025-Q1,338,4.53,7,1
2025-Q1,35,3.66,11,0
2025-Q1,369,3.41,6,0
2025-Q1,68,2.72,3,0
2025-Q1,464,3.82,5,0
2025-Q1,33,2.66,9,0
2025-Q1,233,3.49,10,0
2025-Q1,296,,6,0
2025-Q1,363,3.07,3,0
2025-Q1,135,3.81,4,0
2025-Q1,188,3.81,3,0
2025-Q1,637,2.59,2,0
2025-Q1,467,3.78,8,0
2025-Q1,630,2.95,5,0
2025-Q1,42,2.55,1,0
2025-Q1,128,3.07,12,0
2025-Q1,328,3.01,5,0
2025-Q1,46,3.51,3,0
2025-Q1,9,2.93,3,0
2025-Q1,555,2.13,9,0
2025-Q1,173,3.22,4,0
2025-Q1,565,3.39,4,0
2025-Q1,459,3.32,3,0
2025-Q1,598,4.18,8,0
2025-Q1,7,3.54,2,0
2025-Q1,143,3.76,9,0
2025-Q1,457,3.59,10,0
2025-Q1,506,2.74,3,0
2025-Q1,483,4.07,8,0
2025-Q1,102,3.32,10,0
2025-Q1,534,3.09,5,0
2025-Q1,377,2.89,8,0
2025-Q1,112,3.16,6,0
2025-Q1,636,2.85,7,0
2025-Q1,251,3.0,12,0
2025-Q1,303,4.73,9,1
2025-Q1,264,3.44,4,0
2025-Q1,371,2.7,6,0
2025-Q1,236,3.76,4,0
2025-Q1,245,2.97,6,0
2025-Q1,154,2.61,12,0
2025-Q1,131,3.88,5,0
2025-Q1,200,3.44,5,0
2025-Q1,14,2.92,3,0
2025-Q1,495,3.86,5,0
2025-Q1,611,3.89,6,0
2025-Q1,426,3.86,9,0
2025-Q1,259,3.74,9,0
2025-Q1,49,4.77,5,0
2025-Q1,91,3.01,5,0
2025-Q1,438,4.04,5,0
2025-Q1,323,3.7,4,0
2025-Q1,429,3.07,4,0
2025-Q1,145,2.92,5,0
2025-Q1,513,4.32,3,0
2025-Q1,139,2.99,4,0
2025-Q1,227,2.87,7,0
2025-Q1,402,2.9,2,0
2025-Q1,241,3.19,6,0
2025-Q1,262,3.87,5,0
2025-Q1,616,4.45,12,1
2025-Q1,301,3.5,10,0
2025-Q1,439,1.97,5,0
2025-Q1,348,4.49,6,0
2025-Q1,508,3.08,8,0
2025-Q1,470,4.2,6,0
2025-Q1,617,4.03,7,0
2025-Q1,342,2.49,11,0
2025-Q1,486,4.34,5,0
2025-Q1,552,2.48,7,0
2025-Q1,581,2.48,6,0
2025-Q1,191,3.34,2,0
2025-Q1,441,3.34,8,0
2025-Q1,216,3.29,7,0
2025-Q1,76,5.0,6,0
2025-Q1,275,2.69,6,0
2025-Q1,269,3.32,9,0
2025-Q1,109,2.81,8,0
2025-Q1,570,4.04,2,0
2025-Q1,190,3.73,6,0
2025-Q1,115,3.64,7,0
2025-Q1,182,3.44,6,0
2025-Q1,331,3.59,8,0
2025-Q1,520,3.78,5,0
2025-Q1,361,3.22,10,0
2025-Q1,578,3.71,12,0
2025-Q1,396,4.55,9,0
2025-Q1,546,2.95,3,0
2025-Q1,119,2.46,8,0
2025-Q1,378,3.15,1,0
2025-Q1,400,,8,0
2025-Q1,376,2.71,7,0
2025-Q1,44,2.94,6,0
2025-Q1,605,3.07,4,0
2025-Q1,224,3.82,9,0
2025-Q1,391,3.79,4,0
2025-Q1,89,5.0,9,0
2025-Q1,304,1.58,5,0
2025-Q1,179,3.43,4,0
2025-Q1,582,3.23,10,0
2025-Q1,95,3.84,7,0
2025-Q1,580,3.69,4,0
2025-Q1,645,3.7,10,0
2025-Q1,177,3.97,6,0
2025-Q1,325,3.93,5,0
2025-Q1,389,4.54,7,1
2025-Q1,597,4.11,6,0
2025-Q1,384,3.18,9,0
2025-Q1,209,4.55,8,1
2025-Q1,641,4.89,4,0
2025-Q1,499,3.22,4,0
2025-Q1,23,2.98,1,0
2025-Q1,58,2.65,3,0
2025-Q1,141,3.16,5,0
2025-Q1,619,3.02,10,0
2025-Q1,196,3.7,7,0
2025-Q1,67,3.04,5,0
2025-Q1,635,1.86,5,0
2025-Q1,32,2.31,2,0
2025-Q1,302,2.96,6,0
2025-Q1,351,2.73,4,0
2025-Q1,557,3.52,6,0
2025-Q1,273,3.13,6,0
2025-Q1,341,2.57,3,0
2025-Q1,242,4.03,6,0
2025-Q1,308,3.55,9,0
2025-Q1,118,2.98,7,0
2025-Q1,65,4.35,9,0
2025-Q1,615,4.46,2,0
2025-Q1,596,3.15,5,0
2025-Q1,282,3.83,5,0
2025-Q1,527,3.74,9,0
2025-Q1,290,4.88,4,0
2025-Q1,294,4.39,6,0
2025-Q1,158,3.08,3,0
2025-Q1,401,,6,0
2025-Q1,621,,7,0
2025-Q1,505,4.67,9,0
2025-Q1,472,2.25,4,0
2025-Q1,222,2.8,2,0
2025-Q1,330,4.29,10,0
2025-Q1,280,3.67,8,0
2025-Q1,292,3.9,5,0
2025-Q1,587,3.22,4,0
2025-Q1,423,2.87,3,0
2025-Q1,416,2.15,5,0
2025-Q1,249,2.92,6,0
2025-Q1,228,3.83,6,0
2025-Q1,329,4.35,7,0
2025-Q1,261,3.47,11,0
2025-Q1,519,3.33,8,0
2025-Q1,360,3.27,11,0
2025-Q1,30,2.78,5,0
2025-Q1,451,2.87,7,0
2025-Q1,12,3.88,6,0
2025-Q1,238,2.9,4,0
2025-Q1,437,3.58,6,0
2025-Q1,625,2.82,4,0
2025-Q1,31,2.38,7,0
2025-Q1,40,2.08,6,0
2025-Q1,547,3.54,5,0
2025-Q1,286,4.04,4,0
2025-Q1,268,2.6,5,0
2025-Q1,321,3.3,5,0
2025-Q1,51,4.93,5,0
2025-Q1,567,4.95,5,0
2025-Q1,52,3.67,1,0
2025-Q1,381,5.0,8,0
2025-Q1,223,4.74,6,0
2025-Q1,136,4.49,3,0
2025-Q1,166,2.48,4,0
2025-Q1,476,,5,0
2025-Q1,288,3.92,6,0
2025-Q1,569,3.98,4,0
2025-Q1,577,3.9,6,0
2025-Q1,234,3.82,6,0
2025-Q1,25,2.73,5,0
2025-Q1,270,3.27,5,0
2025-Q1,226,3.76,5,0
2025-Q1,383,4.42,8,1
2025-Q1,278,3.09,8,0
2025-Q1,490,3.22,5,0
2025-Q1,374,3.44,3,0
2025-Q1,181,3.56,10,0
2025-Q1,41,4.1,8,0
2025-Q1,272,3.15,12,0
2025-Q1,468,2.53,7,0
2025-Q1,643,3.25,11,0
2025-Q1,38,2.0,5,0
2025-Q1,97,1.52,6,0
2025-Q1,550,3.26,7,0
2025-Q1,422,3.1,6,0
2025-Q1,168,3.92,7,0
2025-Q1,256,1.97,5,0
2025-Q1,593,2.52,3,0
2025-Q1,425,3.92,5,0
2025-Q1,221,2.72,6,0
2025-Q1,394,4.04,7,0
2025-Q1,502,2.88,6,0
2025-Q1,175,3.64,9,0
2025-Q1,571,3.07,5,0
2025-Q1,75,2.59,8,0
2025-Q1,463,4.69,6,0
2025-Q1,481,4.3,5,0
2025-Q1,460,3.4,6,0
2025-Q1,170,2.71,5,0
2025-Q1,586,2.55,6,0
2025-Q1,121,3.79,4,0
2025-Q1,83,2.85,4,0
2025-Q1,496,3.08,8,0
2025-Q1,55,3.19,6,0
2025-Q1,444,,12,0
2025-Q1,456,3.18,3,0
2025-Q1,631,3.86,6,0
2025-Q1,5,3.6,10,0
2025-Q1,81,3.8,10,0
2025-Q1,271,3.51,9,0
2025-Q1,319,4.93,12,0
2025-Q1,450,3.66,7,0
2025-Q1,80,3.31,6,0
2025-Q1,150,3.52,4,0
2025-Q1,230,3.07,5,0
2025-Q1,72,3.67,7,0
2025-Q1,334,3.19,6,0
2025-Q1,632,4.67,5,0
2025-Q1,566,3.1,6,0
2025-Q1,362,3.08,4,0
2025-Q1,186,3.71,6,0
2025-Q1,218,4.05,5,0
2025-Q1,612,3.55,6,0
2025-Q1,57,3.11,7,0
2025-Q1,526,4.24,5,0
2025-Q1,568,3.8,2,0
2025-Q1,368,2.46,8,0
2025-Q1,344,3.53,5,0
2025-Q1,138,3.92,3,0
2025-Q1,465,3.88,9,0
2025-Q1,599,2.65,9,0
2025-Q1,523,2.16,4,0
2025-Q1,418,4.48,9,0
2025-Q1,156,3.94,10,0
2025-Q1,298,3.76,4,0
2025-Q1,388,2.66,7,0
2025-Q1,544,3.22,6,0
2025-Q1,21,2.73,4,0
2025-Q1,618,3.87,4,0
2025-Q1,560,3.19,4,0
2025-Q1,243,3.48,9,0
2025-Q1,500,2.98,4,0
2025-Q1,627,3.5,10,0
2025-Q1,24,4.07,6,0
2025-Q1,530,4.46,5,0
2025-Q2,173,4.04,5,0
2025-Q2,539,2.54,6,0
2025-Q2,300,2.8,10,0
2025-Q2,193,4.29,4,0
2025-Q2,100,4.03,5,0
2025-Q2,155,3.71,1,0
2025-Q2,515,2.08,8,0
2025-Q2,272,3.28,10,0
2025-Q2,316,3.93,7,0
2025-Q2,220,3.32,5,0
2025-Q2,406,3.56,4,0
2025-Q2,643,1.78,6,0
2025-Q2,395,3.15,8,0
2025-Q2,188,5.0,9,1
2025-Q2,69,3.71,4,0
2025-Q2,611,4.66,10,0
2025-Q2,203,3.23,11,0
2025-Q2,448,3.76,12,0
2025-Q2,633,4.03,6,0
2025-Q2,88,2.87,5,0
2025-Q2,77,1.13,5,0
2025-Q2,166,2.89,6,0
2025-Q2,9,3.81,9,0
2025-Q2,479,3.56,8,0
2025-Q2,577,3.09,6,0
2025-Q2,593,3.53,7,0
2025-Q2,354,3.88,11,0
2025-Q2,15,4.65,4,0
2025-Q2,468,1.82,10,0
2025-Q2,205,2.29,7,0
2025-Q2,86,3.94,6,0
2025-Q2,566,4.06,3,0
2025-Q2,239,3.66,5,0
2025-Q2,71,3.02,6,0
2025-Q2,58,4.11,11,0
2025-Q2,429,2.59,7,0
2025-Q2,343,3.99,5,0
2025-Q2,457,3.93,7,0
2025-Q2,1,4.43,4,0
2025-Q2,93,3.36,4,0
2025-Q2,544,2.93,6,0
2025-Q2,402,3.39,7,0
2025-Q2,273,3.29,8,0
2025-Q2,349,3.25,1,0
2025-Q2,471,1.49,7,0
2025-Q2,192,3.89,2,0
2025-Q2,163,3.41,10,0
2025-Q2,514,5.0,8,1
2025-Q2,509,4.1,4,0
2025-Q2,591,3.89,3,0
2025-Q2,552,4.56,5,0
2025-Q2,28,2.61,5,0
2025-Q2,245,2.59,3,0
2025-Q2,398,3.74,6,0
2025-Q2,470,3.46,3,0
2025-Q2,376,3.7,5,0
2025-Q2,576,2.81,8,0
2025-Q2,22,3.05,6,0
2025-Q2,530,3.13,6,0
2025-Q2,459,3.18,6,0
2025-Q2,639,2.72,4,0
2025-Q2,35,3.92,8,0
2025-Q2,180,3.36,7,0
2025-Q2,624,,12,0
2025-Q2,48,2.93,6,0
2025-Q2,286,3.47,6,0
2025-Q2,81,4.45,7,0
2025-Q2,256,3.86,2,0
2025-Q2,640,3.59,6,0
2025-Q2,221,3.4,3,0
2025-Q2,305,3.13,5,0
2025-Q2,240,3.94,5,0
2025-Q2,570,3.12,6,0
2025-Q2,372,3.34,5,0
2025-Q2,565,2.68,6,0
2025-Q2,475,3.5,7,0
2025-Q2,36,1.47,6,0
2025-Q2,302,3.63,6,0
2025-Q2,137,2.7,7,0
2025-Q2,627,3.77,5,0
2025-Q2,636,3.13,3,0
2025-Q2,110,2.6,6,0
2025-Q2,355,2.49,7,0
2025-Q2,156,4.76,7,0
2025-Q2,410,4.31,6,0
2025-Q2,295,2.02,8,0
2025-Q2,274,3.39,2,0
2025-Q2,383,3.23,5,0
2025-Q2,74,3.07,6,0
2025-Q2,105,2.87,6,0
2025-Q2,298,4.12,8,0
2025-Q2,10,,4,0
2025-Q2,258,2.9,3,0
2025-Q2,435,3.23,4,0
2025-Q2,334,2.27,10,0
2025-Q2,151,2.52,4,0
2025-Q2,281,3.28,4,0
2025-Q2,89,4.14,5,0
2025-Q2,463,3.89,3,0
2025-Q2,389,3.16,4,0
2025-Q2,255,3.15,5,0
2025-Q2,51,2.92,11,0
2025-Q2,500,3.02,9,0
2025-Q2,359,3.08,6,0
2025-Q2,209,3.24,7,0
2025-Q2,84,3.6,7,0
2025-Q2,572,3.84,6,0
2025-Q2,495,3.57,7,0
2025-Q2,516,3.69,5,0
2025-Q2,142,3.71,4,0
2025-Q2,242,3.93,9,0
2025-Q2,419,3.98,7,0
2025-Q2,569,5.0,10,0
2025-Q2,21,3.81,9,0
2025-Q2,66,3.37,4,0
2025-Q2,52,4.2,9,0
2025-Q2,61,2.61,4,0
2025-Q2,634,3.76,4,0
2025-Q2,384,3.26,6,0
2025-Q2,490,1.78,2,0
2025-Q2,236,3.78,7,0
2025-Q2,378,4.32,10,0
2025-Q2,70,4.45,5,0
2025-Q2,455,1.97,12,0
2025-Q2,568,1.64,5,0
2025-Q2,551,3.3,6,0
2025-Q2,542,2.16,5,0
2025-Q2,42,2.38,11,0
2025-Q2,107,3.02,5,0
2025-Q2,379,4.6,3,0
2025-Q2,113,3.56,2,0
2025-Q2,443,3.56,4,0
2025-Q2,94,3.23,5,0
2025-Q2,171,2.88,6,0
2025-Q2,11,3.52,3,0
2025-Q2,64,3.2,3,0
2025-Q2,367,4.43,7,1
2025-Q2,96,2.13,5,0
2025-Q2,114,4.48,5,0
2025-Q2,465,3.39,12,0
2025-Q2,44,3.7,6,0
2025-Q2,622,2.83,4,0
2025-Q2,649,4.32,6,0
2025-Q2,288,4.88,6,0
2025-Q2,68,3.96,4,0
2025-Q2,563,2.45,3,0
2025-Q2,79,2.92,6,0
2025-Q2,227,3.64,9,0
2025-Q2,352,3.07,6,0
2025-Q2,344,3.4,6,0
2025-Q2,545,4.28,4,0
2025-Q2,37,2.05,6,0
2025-Q2,449,3.36,6,0
2025-Q2,159,3.74,7,0
2025-Q2,116,2.76,6,0
2025-Q2,92,4.74,8,1
2025-Q2,312,3.47,3,0
2025-Q2,323,2.93,5,0
2025-Q2,521,,2,0
2025-Q2,112,3.11,2,0
2025-Q2,423,3.92,5,0
2025-Q2,199,3.96,4,0
2025-Q2,525,2.33,6,0
2025-Q2,618,4.36,10,0
2025-Q2,631,3.56,3,0
2025-Q2,484,3.61,7,0
2025-Q2,293,2.88,4,0
2025-Q2,604,4.71,6,0
2025-Q2,486,2.37,5,0
2025-Q2,232,2.88,2,0
2025-Q2,461,2.9,9,0
2025-Q2,489,3.55,6,0
2025-Q2,147,3.73,7,0
2025-Q2,301,2.95,5,0
2025-Q2,75,2.8,7,0
2025-Q2,317,3.13,7,0
2025-Q2,450,2.24,5,0
2025-Q2,635,4.89,7,0
2025-Q2,59,3.33,4,0
2025-Q2,144,3.53,5,0
2025-Q2,480,4.2,6,0
2025-Q2,555,2.92,3,0
2025-Q2,118,2.79,8,0
2025-Q2,181,3.35,8,0
2025-Q2,601,1.75,5,0
2025-Q2,41,3.25,8,0
2025-Q2,67,3.27,4,0
2025-Q2,441,4.22,3,0
2025-Q2,145,3.99,3,0
2025-Q2,345,3.77,5,0
2025-Q2,4,4.21,6,0
2025-Q2,292,2.84,7,0
2025-Q2,90,1.95,8,0
2025-Q2,148,4.1,3,0
2025-Q2,412,3.23,8,0
2025-Q2,247,2.85,5,0
2025-Q2,421,4.33,4,0
2025-Q2,6,2.56,9,0
2025-Q2,290,3.54,10,0
2025-Q2,491,3.41,11,0
2025-Q2,374,3.74,4,0
2025-Q2,289,4.23,5,0
2025-Q2,482,4.69,8,1
2025-Q2,267,3.27,5,0
2025-Q2,519,4.63,6,0
2025-Q2,336,3.87,7,0
2025-Q2,200,2.8,6,0
2025-Q2,517,2.12,5,0
2025-Q2,8,3.66,4,0
2025-Q2,625,3.76,6,0
2025-Q2,330,3.85,6,0
2025-Q2,341,3.58,1,0
2025-Q2,467,3.18,5,0
2025-Q2,582,3.89,6,0
2025-Q2,621,3.67,6,0
2025-Q2,518,4.76,4,0
2025-Q2,571,4.69,9,0
2025-Q2,170,3.26,8,0
2025-Q2,503,3.27,3,0
2025-Q2,481,3.17,9,0
2025-Q2,603,2.81,8,0
2025-Q2,641,2.96,7,0
2025-Q2,487,3.5,9,0
2025-Q2,581,3.29,11,0
2025-Q2,588,3.22,6,0
2025-Q2,320,3.79,2,0
2025-Q2,347,3.27,8,0
2025-Q2,602,2.36,3,0
2025-Q2,299,3.3,1,0
2025-Q2,23,2.72,4,0
2025-Q2,590,4.05,7,0
2025-Q2,543,3.54,2,0
2025-Q2,138,3.55,3,0
2025-Q2,270,3.29,5,0
2025-Q2,162,3.01,10,0
2025-Q2,351,3.71,3,0
2025-Q2,607,3.79,12,0
2025-Q2,620,3.67,5,0
2025-Q2,599,4.51,4,0
2025-Q2,420,2.52,8,0
2025-Q2,161,3.78,6,0
2025-Q2,234,2.61,5,0
2025-Q2,121,3.06,6,0
2025-Q2,583,2.85,5,0
2025-Q2,411,,6,0
2025-Q2,216,2.9,3,0
2025-Q2,275,4.67,7,0
2025-Q2,532,2.27,4,0
2025-Q2,63,1.77,12,0
2025-Q2,483,,7,0
2025-Q2,564,3.37,2,0
2025-Q2,510,2.92,7,0
2025-Q2,432,3.24,6,0
2025-Q2,524,2.76,12,0
2025-Q2,54,4.16,8,0
2025-Q2,197,3.57,7,0
2025-Q2,434,3.98,8,0
2025-Q2,126,2.7,5,0
2025-Q2,26,2.71,6,0
2025-Q2,615,2.3,5,0
2025-Q2,328,2.88,8,0
2025-Q2,16,3.47,4,0
2025-Q2,119,3.56,6,0
2025-Q2,212,3.42,7,0
2025-Q2,528,3.81,4,0
2025-Q2,535,2.84,6,0
2025-Q2,579,3.07,7,0
2025-Q2,164,3.64,9,0
2025-Q2,309,3.67,3,0
2025-Q2,553,3.5,7,0
2025-Q2,616,2.25,9,0
2025-Q2,630,4.02,5,0
2025-Q2,600,2.69,5,0
2025-Q2,139,3.05,4,0
2025-Q2,174,3.7,9,0
2025-Q2,456,3.65,5,0
2025-Q2,335,1.8,5,0
2025-Q2,387,3.54,7,0
2025-Q2,99,4.43,8,0
2025-Q2,39,3.57,8,0
2025-Q2,108,2.85,5,0
2025-Q2,47,4.54,4,0
2025-Q2,326,4.18,9,0
2025-Q2,195,5.0,10,0
2025-Q2,612,3.12,2,0
2025-Q2,187,2.36,8,0
2025-Q2,53,3.4,8,0
2025-Q2,431,4.57,5,0
2025-Q2,117,4.69,2,0
2025-Q2,230,2.0,7,0
2025-Q2,473,3.83,9,0
2025-Q2,198,4.88,6,0
2025-Q2,460,1.45,5,0
2025-Q2,498,3.61,8,0
2025-Q2,629,2.77,7,0
2025-Q2,183,2.38,8,0
2025-Q2,546,3.95,10,0
2025-Q2,407,3.8,7,0
2025-Q2,522,2.9,4,0
2025-Q2,325,3.31,9,0
2025-Q2,361,2.48,8,0
2025-Q2,617,3.58,5,0
2025-Q2,610,4.18,8,0
2025-Q2,511,3.69,9,0
2025-Q2,3,3.95,6,0
2025-Q2,7,3.23,4,0
2025-Q2,318,2.97,1,0
2025-Q2,277,4.07,7,0
2025-Q2,76,3.15,7,0
2025-Q2,229,4.29,6,0
2025-Q2,476,4.0,4,0
2025-Q2,310,3.22,4,0
2025-Q2,160,2.94,7,0
2025-Q2,400,2.61,4,0
2025-Q2,82,2.55,10,0
2025-Q2,95,3.82,7,0
2025-Q2,397,1.93,5,0
2025-Q2,425,2.57,7,0
2025-Q2,62,3.59,9,0
2025-Q2,5,4.7,8,0
2025-Q2,403,2.47,5,0
2025-Q2,250,3.69,8,0
2025-Q2,386,3.12,12,0
2025-Q2,186,3.77,5,0
2025-Q2,506,2.19,7,0
2025-Q2,291,3.23,4,0
2025-Q2,306,2.98,6,0
2025-Q2,574,3.85,6,0
2025-Q2,78,4.54,8,0
2025-Q2,252,3.99,7,0
2025-Q2,462,4.74,8,1
2025-Q2,304,4.42,4,0
2025-Q2,146,3.19,4,0
2025-Q2,218,2.4,3,0
2025-Q2,18,2.82,5,0
2025-Q2,573,2.33,5,0
2025-Q2,319,3.77,5,0
2025-Q2,103,2.97,7,0
2025-Q2,140,3.12,8,0
2025-Q2,30,,5,0
2025-Q2,40,4.45,12,0
2025-Q2,259,2.36,3,0
2025-Q2,176,3.9,4,0
2025-Q2,233,2.35,6,0
2025-Q2,33,3.51,8,0
2025-Q2,502,4.17,6,0
2025-Q2,647,3.26,9,0
2025-Q2,547,3.96,7,0
2025-Q2,567,4.22,7,0
2025-Q2,34,4.09,2,0
2025-Q2,401,2.49,1,0
2025-Q2,492,3.84,10,0
2025-Q2,206,4.35,4,0
2025-Q2,442,3.8,12,0
2025-Q2,237,2.71,8,0
2025-Q2,269,3.3,4,0
2025-Q2,135,3.08,0,0
2025-Q2,370,3.95,4,0
2025-Q2,12,3.22,4,0
2025-Q2,472,3.21,2,0
2025-Q2,149,2.22,10,0
2025-Q2,262,3.7,4,0
2025-Q2,428,2.98,8,0
2025-Q2,505,4.45,2,0
2025-Q2,408,4.26,3,0
2025-Q2,279,3.87,10,0
2025-Q2,606,2.72,10,0
2025-Q2,430,4.26,10,0
2025-Q2,45,3.75,8,0
2025-Q2,211,2.33,12,0
2025-Q2,208,4.25,5,0
2025-Q2,204,3.74,12,0
2025-Q2,414,4.04,7,0
2025-Q2,189,2.42,8,0
2025-Q2,215,4.04,12,0
2025-Q2,632,3.22,7,0
2025-Q2,391,4.25,6,0
2025-Q2,373,4.03,2,0
2025-Q2,50,2.98,5,0
2025-Q2,261,2.14,5,0
2025-Q2,56,2.62,4,0
2025-Q2,451,2.83,12,0
2025-Q2,313,2.6,9,0
2025-Q2,417,3.51,4,0
2025-Q2,65,3.61,3,0
2025-Q2,608,3.38,3,0
2025-Q2,46,3.58,4,0
2025-Q2,219,4.2,9,0
2025-Q2,228,4.09,7,0
2025-Q2,494,3.83,6,0
2025-Q2,311,4.74,7,0
2025-Q2,586,3.62,7,0
2025-Q2,134,3.82,9,0
2025-Q2,263,5.0,3,0
2025-Q2,13,3.0,9,0
2025-Q2,25,3.84,9,0
2025-Q2,594,3.71,4,0
2025-Q2,340,2.73,7,0
2025-Q2,276,3.46,1,0
2025-Q2,523,2.8,11,0
2025-Q2,393,3.58,12,0
2025-Q2,466,2.57,8,0
2025-Q2,424,4.3,6,0
2025-Q2,57,2.13,8,0
2025-Q2,358,2.43,4,0
2025-Q2,380,2.87,4,0
2025-Q2,628,2.4,8,0
2025-Q2,297,3.73,8,0
2025-Q2,356,2.95,6,0
2025-Q2,550,4.47,5,0
2025-Q2,314,2.37,5,0
2025-Q2,101,3.18,3,0
2025-Q2,122,4.72,3,0
2025-Q2,404,3.33,2,0
2025-Q2,614,3.0,9,0
2025-Q2,32,3.82,5,0
2025-Q2,72,3.75,4,0
2025-Q2,375,4.01,4,0
2025-Q2,363,4.48,5,0
2025-Q2,589,4.63,6,0
2025-Q2,422,4.0,3,0
2025-Q2,104,2.38,6,0
2025-Q2,549,4.36,5,0
2025-Q2,348,2.87,8,0
2025-Q2,504,2.76,7,0
2025-Q2,226,3.33,5,0
2025-Q2,165,2.72,8,0
2025-Q2,638,3.32,7,0
2025-Q2,427,2.85,6,0
2025-Q2,561,2.14,7,0
2025-Q2,598,3.41,7,0
2025-Q2,416,3.99,7,0
2025-Q2,346,4.02,7,0
2025-Q2,294,3.83,7,0
2025-Q2,154,3.38,2,0
2025-Q2,280,4.22,6,0
2025-Q2,537,3.91,7,0
2025-Q2,508,3.34,3,0
2025-Q2,418,2.96,8,0
2025-Q2,587,2.63,8,0
2025-Q2,605,3.25,6,0
2025-Q2,329,4.49,6,0
2025-Q2,390,4.1,5,0
2025-Q2,499,3.7,12,0
2025-Q2,177,3.42,9,0
2025-Q2,308,2.73,10,0
2025-Q2,327,3.83,5,0
2025-Q2,369,4.96,5,0
2025-Q2,287,3.48,9,0
2025-Q2,464,3.84,0,0
2025-Q2,648,2.63,6,0
2025-Q2,438,2.92,5,0
2025-Q2,175,3.37,12,0
2025-Q2,332,2.81,1,0
2025-Q2,257,4.66,2,0
2025-Q2,223,3.29,3,0
2025-Q2,282,3.8,6,0
2025-Q2,485,3.71,5,0
2025-Q2,362,4.45,8,0
2025-Q2,97,3.31,7,0
2025-Q2,87,2.92,10,0
2025-Q2,244,3.84,6,0
2025-Q2,264,3.57,8,0
2025-Q2,20,3.83,9,0
2025-Q2,507,3.21,5,0
2025-Q2,405,4.19,4,0
2025-Q2,125,4.05,9,0
2025-Q2,251,3.93,12,0
2025-Q2,497,4.42,5,0
2025-Q2,284,4.48,4,0
2025-Q2,131,2.95,3,0
2025-Q2,315,3.29,8,0
2025-Q2,644,4.82,4,0
2025-Q2,167,3.29,5,0
2025-Q2,17,2.87,8,0
2025-Q2,556,4.12,5,0
2025-Q2,444,3.97,8,0
2025-Q2,213,4.83,7,0
2025-Q2,73,3.52,3,0
2025-Q2,529,4.04,7,0
2025-Q2,650,2.97,4,0
2025-Q2,623,3.85,6,0
2025-Q2,260,3.88,5,0
2025-Q2,558,1.32,5,0
2025-Q2,214,3.73,7,0
2025-Q2,43,3.44,7,0
2025-Q2,190,2.5,5,0
2025-Q2,246,2.2,10,0
2025-Q2,396,3.64,7,0
2025-Q2,337,4.22,10,0
2025-Q2,541,3.05,7,0
2025-Q2,520,3.8,5,0
2025-Q2,106,3.11,9,0
2025-Q2,333,3.23,2,0
2025-Q2,24,5.0,6,0
2025-Q2,580,3.65,5,0
2025-Q2,128,2.4,3,0
2025-Q2,132,2.37,6,0
2025-Q2,554,3.75,4,0
2025-Q2,130,3.87,4,0
2025-Q2,548,2.46,7,0
2025-Q2,248,4.12,6,0
2025-Q2,575,2.32,6,0
2025-Q2,184,3.68,3,0
2025-Q2,366,2.32,4,0
2025-Q2,488,2.65,4,0
2025-Q2,331,2.7,4,0
2025-Q2,243,4.15,6,0
2025-Q2,626,3.31,5,0
2025-Q2,168,2.67,4,0
2025-Q2,266,2.81,6,0
2025-Q2,231,3.17,4,0
2025-Q2,342,3.46,9,0
2025-Q2,268,4.73,4,0
2025-Q2,210,2.79,5,0
2025-Q2,613,3.64,11,0
2025-Q2,357,3.21,6,0
2025-Q2,265,2.74,6,0
2025-Q2,321,3.7,6,0
2025-Q2,201,4.79,5,0
2025-Q3,106,2.73,4,0
2025-Q3,202,4.22,12,0
2025-Q3,438,4.05,9,0
2025-Q3,89,2.85,4,0
2025-Q3,466,1.69,8,0
2025-Q3,566,4.12,9,0
2025-Q3,325,3.42,8,0
2025-Q3,618,3.35,9,0
2025-Q3,369,3.24,5,0
2025-Q3,396,3.85,7,0
2025-Q3,363,2.95,6,0
2025-Q3,100,3.7,6,0
2025-Q3,164,,8,0
2025-Q3,207,2.54,4,0
2025-Q3,315,2.82,6,0
2025-Q3,328,4.36,6,0
2025-Q3,230,2.32,8,0
2025-Q3,290,2.4,6,0
2025-Q3,162,1.8,10,0
2025-Q3,398,3.08,6,0
2025-Q3,22,3.64,6,0
2025-Q3,487,3.17,7,0
2025-Q3,510,3.32,3,0
2025-Q3,231,3.6,9,0
2025-Q3,60,3.95,4,0
2025-Q3,317,4.23,8,0
2025-Q3,588,3.38,6,0
2025-Q3,536,3.21,4,0
2025-Q3,429,4.51,5,0
2025-Q3,443,4.63,11,0
2025-Q3,223,3.57,8,0
2025-Q3,485,3.24,5,0
2025-Q3,633,4.09,7,0
2025-Q3,194,3.06,7,0
2025-Q3,84,3.5,5,0
2025-Q3,575,4.41,7,0
2025-Q3,141,3.33,9,0
2025-Q3,281,4.32,3,0
2025-Q3,592,3.66,4,0
2025-Q3,74,4.26,8,0
2025-Q3,177,4.09,6,0
2025-Q3,330,2.83,3,0
2025-Q3,268,3.38,9,0
2025-Q3,376,4.0,4,0
2025-Q3,479,5.0,9,0
2025-Q3,347,3.41,7,0
2025-Q3,421,3.42,7,0
2025-Q3,602,3.68,4,0
2025-Q3,458,3.4,6,0
2025-Q3,167,3.7,7,0
2025-Q3,459,2.69,3,0
2025-Q3,65,2.99,5,0
2025-Q3,598,3.56,8,0
2025-Q3,587,2.87,4,0
2025-Q3,264,3.18,4,0
2025-Q3,477,4.16,9,0
2025-Q3,258,2.63,8,0
2025-Q3,241,3.58,1,0
2025-Q3,497,2.27,9,0
2025-Q3,64,3.27,9,0
2025-Q3,282,3.65,9,0
2025-Q3,402,4.35,4,0
2025-Q3,33,4.14,5,0
2025-Q3,247,3.67,2,0
2025-Q3,261,3.76,8,0
2025-Q3,553,4.2,5,0
2025-Q3,600,5.0,6,0
2025-Q3,483,2.79,8,0
2025-Q3,583,3.28,3,0
2025-Q3,434,2.76,6,0
2025-Q3,101,2.05,4,0
2025-Q3,120,3.04,6,0
2025-Q3,622,3.34,5,0
2025-Q3,488,3.69,9,0
2025-Q3,490,3.19,10,0
2025-Q3,270,3.06,7,0
2025-Q3,552,1.65,5,0
2025-Q3,7,3.72,3,0
2025-Q3,351,4.22,6,0
2025-Q3,414,3.7,6,0
2025-Q3,94,2.5,4,0
2025-Q3,210,2.87,2,0
2025-Q3,407,4.35,5,0
2025-Q3,409,2.21,3,0
2025-Q3,641,4.13,5,0
2025-Q3,222,2.8,5,0
2025-Q3,556,2.29,6,0
2025-Q3,269,3.11,4,0
2025-Q3,102,3.76,6,0
2025-Q3,51,5.0,6,0
2025-Q3,298,4.64,5,0
2025-Q3,12,3.36,3,0
2025-Q3,66,4.63,12,0
2025-Q3,403,3.18,6,0
2025-Q3,512,4.15,9,0
2025-Q3,404,4.14,5,0
2025-Q3,8,3.85,6,0
2025-Q3,79,3.37,2,0
2025-Q3,528,3.0,2,0
2025-Q3,329,3.15,7,0
2025-Q3,149,3.54,5,0
2025-Q3,630,2.65,10,0
2025-Q3,142,4.27,5,0
2025-Q3,484,2.4,7,0
2025-Q3,531,4.61,4,0
2025-Q3,216,2.43,4,0
2025-Q3,392,2.07,6,0
2025-Q3,348,4.83,4,0
2025-Q3,49,3.11,6,0
2025-Q3,174,3.58,4,0
2025-Q3,29,2.98,9,0
2025-Q3,476,4.0,7,0
2025-Q3,416,3.42,4,0
2025-Q3,275,3.27,5,0
2025-Q3,192,,8,0
2025-Q3,627,4.35,7,0
2025-Q3,455,3.2,5,0
2025-Q3,297,3.71,3,0
2025-Q3,45,3.45,5,0
2025-Q3,126,2.58,3,0
2025-Q3,457,4.06,3,0
2025-Q3,186,2.58,10,0
2025-Q3,441,3.8,5,0
2025-Q3,215,3.62,9,0
2025-Q3,301,4.26,7,0
2025-Q3,480,3.84,9,0
2025-Q3,305,3.88,4,0
2025-Q3,626,2.24,3,0
2025-Q3,262,3.49,6,0
2025-Q3,296,2.52,3,0
2025-Q3,432,3.43,10,0
2025-Q3,166,3.16,7,0
2025-Q3,109,3.16,6,0
2025-Q3,44,3.47,3,0
2025-Q3,4,2.7,12,0
2025-Q3,69,3.48,5,0
2025-Q3,52,3.34,7,0
2025-Q3,191,2.74,6,0
2025-Q3,34,3.71,5,0
2025-Q3,62,2.78,11,0
2025-Q3,135,4.16,3,0
2025-Q3,285,3.13,9,0
2025-Q3,451,4.95,5,0
2025-Q3,395,3.43,10,0
2025-Q3,253,3.34,4,0
2025-Q3,599,4.09,5,0
2025-Q3,153,4.24,7,0
2025-Q3,190,2.17,6,0
2025-Q3,444,2.97,4,0
2025-Q3,277,,7,0
2025-Q3,137,3.46,9,0
2025-Q3,388,3.39,11,0
2025-Q3,572,4.16,5,0
2025-Q3,337,3.83,5,0
2025-Q3,513,2.42,8,0
2025-Q3,461,3.9,8,0
2025-Q3,496,3.98,5,0
2025-Q3,468,1.76,11,0
2025-Q3,383,2.82,8,0
2025-Q3,605,3.13,4,0
2025-Q3,601,4.23,5,0
2025-Q3,58,2.96,6,0
2025-Q3,612,3.07,3,0
2025-Q3,70,3.21,3,0
2025-Q3,470,2.62,6,0
2025-Q3,267,2.97,10,0
2025-Q3,427,2.87,5,0
2025-Q3,320,5.0,6,0
2025-Q3,243,4.02,6,0
2025-Q3,544,2.8,5,0
2025-Q3,365,2.3,5,0
2025-Q3,492,3.7,9,0
2025-Q3,155,3.81,4,0
2025-Q3,306,2.69,7,0
2025-Q3,340,3.73,6,0
2025-Q3,514,3.59,3,0
2025-Q3,201,4.21,8,0
2025-Q3,225,3.69,7,0
2025-Q3,324,3.78,7,0
2025-Q3,148,4.23,6,0
2025-Q3,498,3.97,8,0
2025-Q3,471,2.96,2,0
2025-Q3,124,2.91,9,0
2025-Q3,115,3.29,5,0
2025-Q3,299,3.0,5,0
2025-Q3,503,3.68,7,0
2025-Q3,359,3.02,5,0
2025-Q3,540,4.48,9,1
2025-Q3,554,2.31,3,0
2025-Q3,559,2.23,7,0
2025-Q3,545,3.09,4,0
2025-Q3,257,3.26,9,0
2025-Q3,373,4.24,2,0
2025-Q3,184,4.33,8,0
2025-Q3,649,4.32,10,0
2025-Q3,586,3.49,7,0
2025-Q3,139,2.88,5,0
2025-Q3,585,3.16,6,0
2025-Q3,561,4.15,4,0
2025-Q3,445,3.27,9,0
2025-Q3,18,3.96,6,0
2025-Q3,532,3.1,4,0
2025-Q3,371,4.09,6,0
2025-Q3,197,3.18,5,0
2025-Q3,616,3.09,4,0
2025-Q3,640,2.89,5,0
2025-Q3,35,2.7,5,0
2025-Q3,27,2.97,7,0
2025-Q3,145,3.27,3,0
2025-Q3,594,3.17,7,0
2025-Q3,95,4.63,7,1
2025-Q3,464,3.0,6,0
2025-Q3,171,2.66,7,0
2025-Q3,111,3.42,3,0
2025-Q3,546,3.72,5,0
2025-Q3,183,4.4,6,0
2025-Q3,338,1.63,4,0
2025-Q3,590,2.3,5,0
2025-Q3,72,3.43,8,0
2025-Q3,280,3.12,1,0
2025-Q3,413,4.22,6,0
2025-Q3,10,3.68,7,0
2025-Q3,643,3.82,10,0
2025-Q3,6,3.42,2,0
2025-Q3,61,4.11,12,0
2025-Q3,209,4.18,5,0
2025-Q3,565,3.15,12,0
2025-Q3,428,4.33,8,0
2025-Q3,529,2.28,5,0
2025-Q3,542,3.33,6,0
2025-Q3,610,4.75,10,0
2025-Q3,624,3.42,9,0
2025-Q3,625,2.05,11,0
2025-Q3,450,3.61,5,0
2025-Q3,353,4.1,5,0
2025-Q3,377,4.48,3,0
2025-Q3,577,2.78,10,0
2025-Q3,208,3.95,10,0
2025-Q3,384,4.62,6,0
2025-Q3,511,3.32,8,0
2025-Q3,105,2.88,4,0
2025-Q3,345,2.62,2,0
2025-Q3,379,3.64,6,0
2025-Q3,294,3.27,5,0
2025-Q3,362,3.03,3,0
2025-Q3,237,2.07,12,0
2025-Q3,176,3.9,8,0
2025-Q3,482,3.84,10,0
2025-Q3,116,3.79,5,0
2025-Q3,121,2.68,4,0
2025-Q3,430,3.1,9,0
2025-Q3,20,3.34,9,0
2025-Q3,361,3.58,2,0
2025-Q3,422,3.72,6,0
2025-Q3,91,2.86,7,0
2025-Q3,629,4.06,9,0
2025-Q3,122,3.6,6,0
2025-Q3,352,4.13,5,0
2025-Q3,456,3.17,5,0
2025-Q3,472,3.9,7,0
2025-Q3,278,4.23,7,0
2025-Q3,279,3.17,9,0
2025-Q3,212,4.14,4,0
2025-Q3,76,4.79,10,0
2025-Q3,356,3.73,4,0
2025-Q3,525,3.42,4,0
2025-Q3,589,3.95,7,0
2025-Q3,132,4.76,11,0
2025-Q3,481,3.6,11,0
2025-Q3,334,3.05,10,0
2025-Q3,73,2.63,11,0
2025-Q3,198,3.63,6,0
2025-Q3,447,3.41,8,0
2025-Q3,214,4.12,6,0
2025-Q3,295,2.43,6,0
2025-Q3,515,1.0,3,0
2025-Q3,256,4.42,8,0
2025-Q3,178,2.88,7,0
2025-Q3,634,2.29,9,0
2025-Q3,474,3.5,4,0
2025-Q3,28,4.76,5,0
2025-Q3,71,3.4,5,0
2025-Q3,323,4.37,10,0
2025-Q3,366,2.47,6,0
2025-Q3,609,3.51,4,0
2025-Q3,138,3.79,5,0
2025-Q3,98,,5,0
2025-Q3,21,2.23,5,0
2025-Q3,160,4.16,10,0
2025-Q3,517,3.75,6,0
2025-Q3,81,3.57,9,0
2025-Q3,9,3.89,3,0
2025-Q3,173,2.3,6,0
2025-Q3,158,2.6,6,0
2025-Q3,628,4.47,3,0
2025-Q3,524,4.19,9,0
2025-Q3,647,3.44,7,0
2025-Q3,604,5.0,10,1
2025-Q3,408,4.45,5,0
2025-Q3,603,4.13,7,0
2025-Q3,56,2.72,5,0
2025-Q3,543,2.55,6,0
2025-Q3,189,4.45,7,0
2025-Q3,146,3.49,9,0
2025-Q3,87,2.54,6,0
2025-Q3,251,3.78,6,0
2025-Q3,284,2.21,5,0
2025-Q3,308,3.45,4,0
2025-Q3,596,3.0,10,0
2025-Q3,130,3.13,5,0
2025-Q3,276,2.93,7,0
2025-Q3,30,2.79,7,0
2025-Q3,204,3.33,4,0
2025-Q3,240,3.96,4,0
2025-Q3,17,3.1,5,0
2025-Q3,448,2.85,6,0
2025-Q3,581,2.99,7,0
2025-Q3,227,2.38,5,0
2025-Q3,367,3.2,5,0
2025-Q3,349,3.39,7,0
2025-Q3,521,3.37,11,0
2025-Q3,163,5.0,10,0
2025-Q3,344,3.67,4,0
2025-Q3,234,3.53,7,0
2025-Q3,92,2.96,4,0
2025-Q3,475,2.54,2,0
2025-Q3,322,3.02,10,0
2025-Q3,83,3.9,6,0
2025-Q3,144,3.85,0,0
2025-Q3,435,2.74,4,0
2025-Q3,452,3.32,4,0
2025-Q3,131,3.91,6,0
2025-Q3,272,3.09,6,0
2025-Q3,537,2.97,6,0
2025-Q3,127,3.66,4,0
2025-Q3,97,2.8,3,0
2025-Q3,579,3.23,4,0
2025-Q3,86,1.75,4,0
2025-Q3,293,2.98,4,0
2025-Q3,584,3.35,9,0
2025-Q3,300,3.66,4,0
2025-Q3,193,4.12,9,0
2025-Q3,108,3.64,5,0
2025-Q3,489,1.27,9,0
2025-Q3,319,3.35,9,0
2025-Q3,16,3.97,7,0
2025-Q3,410,3.07,3,0
2025-Q3,112,4.35,6,0
2025-Q3,304,3.44,4,0
2025-Q3,50,3.64,7,0
2025-Q3,569,3.06,2,0
2025-Q3,580,3.98,8,0
2025-Q3,129,3.71,3,0
2025-Q3,32,3.44,7,0
2025-Q3,232,4.28,7,0
2025-Q3,397,3.71,4,0
2025-Q3,75,,8,0
2025-Q3,104,3.24,7,0
2025-Q3,11,4.41,7,0
2025-Q3,103,3.51,5,0
2025-Q3,499,3.03,5,0
2025-Q3,252,2.58,5,0
2025-Q3,242,4.22,2,0
2025-Q3,393,4.79,3,0
2025-Q3,266,3.41,7,0
2025-Q3,48,3.8,5,0
2025-Q3,419,4.13,5,0
2025-Q3,374,,4,0
2025-Q3,203,3.06,7,0
2025-Q3,128,3.42,3,0
2025-Q3,644,3.14,5,0
2025-Q3,636,3.2,5,0
2025-Q3,343,3.21,6,0
2025-Q3,595,2.95,3,0
2025-Q3,378,3.82,5,0
2025-Q3,236,3.79,10,0
2025-Q3,520,3.36,11,0
2025-Q3,509,3.34,11,0
2025-Q3,107,2.59,12,0
2025-Q3,263,3.41,5,0
2025-Q3,310,3.34,6,0
2025-Q3,321,4.17,1,0
2025-Q3,358,3.73,3,0
2025-Q3,78,2.66,9,0
2025-Q3,555,3.89,10,0
2025-Q3,196,3.08,7,0
2025-Q3,259,2.85,9,0
2025-Q3,63,2.75,1,0
2025-Q3,114,3.69,6,0
2025-Q3,462,3.74,4,0
2025-Q3,218,3.33,1,0
2025-Q3,46,3.03,12,0
2025-Q3,161,2.85,8,0
2025-Q3,273,4.28,8,0
2025-Q3,385,1.92,4,0
2025-Q3,424,3.92,7,0
2025-Q3,573,3.2,8,0
2025-Q3,248,3.67,9,0
2025-Q3,55,2.44,7,0
2025-Q3,96,3.36,7,0
2025-Q3,206,4.48,6,0
2025-Q3,133,,7,0
2025-Q3,339,3.48,10,0
2025-Q3,632,3.38,10,0
2025-Q3,650,4.35,8,0
2025-Q3,19,4.07,3,0
2025-Q3,613,3.47,5,0
2025-Q3,42,3.69,6,0
2025-Q3,134,3.75,2,0
2025-Q3,159,4.67,5,0
2025-Q3,436,4.46,6,0
2025-Q3,346,3.95,11,0
2025-Q3,564,3.59,8,0
2025-Q3,539,3.8,4,0
2025-Q3,631,2.63,7,0
2025-Q3,286,3.68,7,0
2025-Q3,535,2.19,5,0
2025-Q3,549,4.66,3,0
2025-Q3,360,3.71,4,0
2025-Q3,38,3.63,11,0
2025-Q3,274,2.13,10,0
2025-Q3,260,2.95,7,0
2025-Q3,333,2.82,2,0
2025-Q3,614,2.82,5,0
2025-Q3,143,3.56,9,0
2025-Q3,568,4.18,4,0
2025-Q3,341,3.59,6,0
2025-Q3,332,3.01,6,0
2025-Q3,473,2.92,7,0
2025-Q3,175,3.8,5,0
2025-Q3,571,2.53,5,0
2025-Q3,3,3.84,2,0
2025-Q3,491,3.22,7,0
2025-Q3,648,3.92,5,0
2025-Q3,611,2.34,7,0
2025-Q3,394,3.29,6,0
2025-Q3,154,2.42,4,0
2025-Q3,508,3.97,5,0
2025-Q3,239,2.26,1,0
2025-Q3,226,3.38,6,0
2025-Q3,93,2.87,9,0
2025-Q3,522,2.13,5,0
2025-Q3,607,2.84,4,0
2025-Q3,220,4.77,6,0
2025-Q3,187,3.66,6,0
2025-Q3,431,3.8,12,0
2025-Q3,88,3.25,3,0
2025-Q3,90,3.21,6,0
2025-Q3,228,3.03,4,0
2025-Q3,117,3.8,7,0
2025-Q3,417,2.14,7,0
2025-Q3,469,3.27,6,0
2025-Q3,506,3.57,11,0
2025-Q3,646,2.9,7,0
2025-Q3,563,3.7,7,0
2025-Q3,494,3.92,3,0
2025-Q3,401,3.63,12,0
2025-Q3,185,4.66,9,0
2025-Q3,180,2.79,3,0
2025-Q3,181,4.62,11,0
2025-Q3,391,2.16,4,0
2025-Q3,288,2.71,6,0
2025-Q3,526,3.46,3,0
2025-Q3,302,5.0,10,0
2025-Q3,67,3.64,4,0
2025-Q3,244,3.43,8,0
2025-Q3,372,3.27,7,0
2025-Q3,26,2.77,11,0
2025-Q3,152,3.42,6,0
2025-Q3,5,3.55,6,0
2025-Q3,505,3.97,2,0
2025-Q3,623,3.04,7,0
2025-Q3,386,3.4,6,0
2025-Q3,331,4.96,8,1
2025-Q3,13,4.33,7,0
2025-Q3,229,2.77,6,0
2025-Q3,350,2.35,5,0
2025-Q3,221,2.93,8,0
2025-Q3,54,2.35,4,0
2025-Q3,59,3.0,9,0
2025-Q3,425,4.08,8,0
2025-Q3,582,3.58,5,0
2025-Q3,245,3.54,7,0
2025-Q3,335,4.5,7,0
2025-Q3,533,2.26,8,0
2025-Q3,342,3.68,6,0
2025-Q3,313,3.01,0,0
2025-Q3,562,3.84,7,0
2025-Q3,292,3.35,3,0
2025-Q3,454,2.85,9,0
2025-Q3,150,4.39,4,0
2025-Q3,336,3.24,4,0
2025-Q3,219,3.93,7,0
2025-Q3,534,3.13,6,0
2025-Q3,375,3.21,4,0
2025-Q3,200,3.72,10,0
2025-Q3,518,4.96,5,0
2025-Q3,642,3.89,5,0
2025-Q3,169,2.72,6,0
2025-Q3,2,4.04,2,0
2025-Q3,418,3.31,6,0
2025-Q3,504,3.99,7,0
2025-Q3,415,3.18,8,0
2025-Q3,449,3.81,6,0
2025-Q3,467,3.17,6,0
2025-Q3,619,3.46,6,0
2025-Q3,591,4.21,2,0
2025-Q3,502,2.14,8,0
2025-Q3,550,4.08,3,0
2025-Q3,249,2.94,9,0
2025-Q3,254,2.55,5,0
2025-Q3,125,4.95,8,0
2025-Q3,195,3.82,12,0
2025-Q3,82,3.52,5,0
2025-Q3,370,2.78,9,0
2025-Q3,327,2.79,6,0
2025-Q3,389,3.11,9,0
2025-Q3,283,4.19,8,0
2025-Q3,606,3.33,10,0
2025-Q3,199,4.35,3,0
2025-Q4,209,3.39,2,0
2025-Q4,132,3.36,4,0
2025-Q4,175,3.58,6,0
2025-Q4,569,3.59,2,0
2025-Q4,495,2.5,6,0
2025-Q4,43,3.21,8,0
2025-Q4,518,,6,0
2025-Q4,104,3.01,3,0
2025-Q4,52,2.52,4,0
2025-Q4,461,3.33,5,0
2025-Q4,308,3.46,7,0
2025-Q4,300,3.62,6,0
2025-Q4,574,3.27,9,0
2025-Q4,66,2.52,3,0
2025-Q4,465,3.47,10,0
2025-Q4,320,3.0,5,0
2025-Q4,7,2.62,4,0
2025-Q4,407,2.66,4,0
2025-Q4,85,4.09,4,0
2025-Q4,576,3.67,3,0
2025-Q4,389,3.79,5,0
2025-Q4,195,2.48,7,0
2025-Q4,99,3.01,4,0
2025-Q4,168,2.93,6,0
2025-Q4,94,3.51,9,0
2025-Q4,277,5.0,6,0
2025-Q4,245,4.93,10,0
2025-Q4,423,4.59,3,0
2025-Q4,333,3.69,8,0
2025-Q4,257,3.3,6,0
2025-Q4,295,3.92,4,0
2025-Q4,371,3.89,4,0
2025-Q4,348,3.28,5,0
2025-Q4,40,2.88,4,0
2025-Q4,557,2.7,9,0
2025-Q4,326,4.37,7,0
2025-Q4,387,2.72,4,0
2025-Q4,114,4.12,10,0
2025-Q4,312,3.16,8,0
2025-Q4,430,3.05,4,0
2025-Q4,648,2.17,2,0
2025-Q4,151,4.05,5,0
2025-Q4,122,2.74,5,0
2025-Q4,232,3.46,3,0
2025-Q4,609,3.31,4,0
2025-Q4,97,2.13,9,0
2025-Q4,321,4.19,8,0
2025-Q4,88,1.82,7,0
2025-Q4,254,4.06,5,0
2025-Q4,560,3.99,6,0
2025-Q4,525,3.98,9,0
2025-Q4,417,3.3,5,0
2025-Q4,636,3.59,3,0
2025-Q4,540,2.79,7,0
2025-Q4,507,3.8,11,0
2025-Q4,383,2.22,6,0
2025-Q4,169,2.25,5,0
2025-Q4,105,4.52,2,0
2025-Q4,64,2.61,4,0
2025-Q4,84,4.62,8,0
2025-Q4,565,3.39,3,0
2025-Q4,239,3.71,6,0
2025-Q4,627,4.32,3,0
2025-Q4,28,2.74,4,0
2025-Q4,366,1.57,2,0
2025-Q4,332,3.04,6,0
2025-Q4,617,4.29,7,0
2025-Q4,584,3.68,9,0
2025-Q4,454,3.23,3,0
2025-Q4,341,3.32,7,0
2025-Q4,117,3.56,4,0
2025-Q4,83,2.76,8,0
2025-Q4,538,2.55,4,0
2025-Q4,231,3.89,10,0
2025-Q4,119,4.86,4,0
2025-Q4,432,3.3,7,0
2025-Q4,523,3.97,7,0
2025-Q4,115,4.48,6,0
2025-Q4,106,3.31,4,0
2025-Q4,541,2.13,8,0
2025-Q4,311,3.39,6,0
2025-Q4,194,2.52,7,0
2025-Q4,589,3.8,2,0
2025-Q4,146,3.42,3,0
2025-Q4,269,3.45,2,0
2025-Q4,126,4.79,6,0
2025-Q4,453,3.96,9,0
2025-Q4,429,3.76,2,0
2025-Q4,607,1.0,3,0
2025-Q4,166,2.88,2,0
2025-Q4,527,2.93,4,0
2025-Q4,338,4.49,7,0
2025-Q4,81,3.79,7,0
2025-Q4,624,5.0,4,0
2025-Q4,323,3.52,5,0
2025-Q4,626,2.36,2,0
2025-Q4,483,3.73,3,0
2025-Q4,26,3.69,8,0
2025-Q4,144,2.7,7,0
2025-Q4,360,2.96,10,0
2025-Q4,170,3.62,6,0
2025-Q4,345,3.94,8,0
2025-Q4,328,3.97,8,0
2025-Q4,548,3.99,7,0
2025-Q4,610,4.37,4,0
2025-Q4,33,1.75,4,0
2025-Q4,485,3.36,6,0
2025-Q4,593,3.1,5,0
2025-Q4,4,3.81,8,0
2025-Q4,449,3.79,1,0
2025-Q4,262,4.55,8,0
2025-Q4,171,3.37,4,0
2025-Q4,358,2.89,4,0
2025-Q4,506,4.11,5,0
2025-Q4,16,3.62,5,0
2025-Q4,100,3.25,5,0
2025-Q4,376,2.94,6,0
2025-Q4,8,3.92,4,0
2025-Q4,161,3.68,5,0
2025-Q4,441,3.85,6,0
2025-Q4,135,3.53,2,0
2025-Q4,386,3.68,5,0
2025-Q4,471,3.76,6,0
2025-Q4,529,3.63,3,0
2025-Q4,590,3.76,7,0
2025-Q4,273,3.55,5,0
2025-Q4,466,1.85,5,0
2025-Q4,271,3.91,5,0
2025-Q4,578,2.46,8,0
2025-Q4,378,3.66,6,0
2025-Q4,139,4.35,3,0
2025-Q4,519,2.6,4,0
2025-Q4,367,3.13,5,0
2025-Q4,393,4.29,4,0
2025-Q4,547,3.88,7,0
2025-Q4,128,2.53,4,0
2025-Q4,592,4.43,3,0
2025-Q4,264,3.7,5,0
2025-Q4,274,2.9,4,0
2025-Q4,514,3.68,9,0
2025-Q4,457,2.84,3,0
2025-Q4,474,4.66,11,0
2025-Q4,374,2.97,7,0
2025-Q4,205,4.3,6,0
2025-Q4,110,2.82,8,0
2025-Q4,484,3.45,8,0
2025-Q4,556,4.01,5,0
2025-Q4,307,3.06,6,0
2025-Q4,439,4.05,9,0
2025-Q4,640,3.67,7,0
2025-Q4,51,2.89,10,0
2025-Q4,591,4.16,7,0
2025-Q4,291,3.55,6,0
2025-Q4,497,4.04,8,0
2025-Q4,223,4.02,11,0
2025-Q4,521,3.93,3,0
2025-Q4,275,3.72,8,0
2025-Q4,109,3.34,6,0
2025-Q4,488,2.44,6,0
2025-Q4,487,4.53,4,0
2025-Q4,246,3.21,4,0
2025-Q4,435,4.56,7,0
2025-Q4,598,2.81,8,0
2025-Q4,174,3.82,5,0
2025-Q4,397,3.49,5,0
2025-Q4,400,4.33,4,0
2025-Q4,336,3.55,4,0
2025-Q4,646,2.95,8,0
2025-Q4,316,2.99,3,0
2025-Q4,200,,8,0
2025-Q4,315,3.17,6,0
2025-Q4,188,3.45,5,0
2025-Q4,137,3.61,4,0
2025-Q4,30,3.39,11,0
2025-Q4,50,2.94,5,0
2025-Q4,76,3.57,3,0
2025-Q4,491,2.8,5,0
2025-Q4,212,3.6,4,0
2025-Q4,20,3.42,7,0
2025-Q4,579,3.32,4,0
2025-Q4,150,2.24,8,0
2025-Q4,187,3.26,6,0
2025-Q4,133,2.45,4,0
2025-Q4,586,3.48,7,0
2025-Q4,647,3.6,5,0
2025-Q4,253,3.71,8,0
2025-Q4,566,3.87,5,0
2025-Q4,406,2.18,8,0
2025-Q4,29,2.91,8,0
2025-Q4,185,3.04,3,0
2025-Q4,63,2.76,8,0
2025-Q4,533,4.34,8,0
2025-Q4,303,3.48,6,0
2025-Q4,486,3.99,8,0
2025-Q4,186,3.33,4,0
2025-Q4,296,4.22,2,0
2025-Q4,502,4.29,9,0
2025-Q4,129,2.9,4,0
2025-Q4,267,3.77,5,0
2025-Q4,476,3.4,7,0
2025-Q4,98,3.58,3,0
2025-Q4,573,3.75,9,0
2025-Q4,87,2.67,4,0
2025-Q4,314,3.04,7,0
2025-Q4,317,4.16,3,0
2025-Q4,11,4.35,7,0
2025-Q4,545,3.22,8,0
2025-Q4,331,3.36,5,0
2025-Q4,45,4.16,5,0
2025-Q4,288,2.88,7,0
2025-Q4,145,2.29,8,0
2025-Q4,492,3.99,8,0
2025-Q4,164,4.48,4,0
2025-Q4,410,2.54,5,0
2025-Q4,70,3.03,3,0
2025-Q4,65,2.72,6,0
2025-Q4,475,3.95,5,0
2025-Q4,426,3.04,5,0
2025-Q4,47,3.75,5,0
2025-Q4,75,2.88,3,0
2025-Q4,130,2.84,9,0
2025-Q4,62,2.29,6,0
2025-Q4,608,1.75,7,0
2025-Q4,159,3.09,4,0
2025-Q4,384,5.0,6,0
2025-Q4,618,2.76,5,0
2025-Q4,620,3.74,5,0
2025-Q4,247,4.43,6,0
2025-Q4,236,3.02,3,0
2025-Q4,38,2.82,8,0
2025-Q4,93,2.87,8,0
2025-Q4,278,4.02,8,0
2025-Q4,470,3.3,3,0
2025-Q4,2,4.78,10,0
2025-Q4,500,2.22,8,0
2025-Q4,172,2.11,4,0
2025-Q4,72,3.08,7,0
2025-Q4,324,3.32,7,0
2025-Q4,623,3.02,3,0
2025-Q4,603,4.22,6,0
2025-Q4,121,2.89,8,0
2025-Q4,536,3.73,9,0
2025-Q4,615,2.66,7,0
2025-Q4,131,3.22,3,0
2025-Q4,479,3.25,5,0
2025-Q4,286,2.8,5,0
2025-Q4,350,3.69,8,0
2025-Q4,351,4.26,10,0
2025-Q4,265,3.6,6,0
2025-Q4,489,3.87,5,0
2025-Q4,532,4.08,7,0
2025-Q4,616,4.65,3,0
2025-Q4,102,2.33,3,0
2025-Q4,155,3.5,7,0
2025-Q4,581,3.46,10,0
2025-Q4,123,3.65,5,0
2025-Q4,355,4.75,1,0
2025-Q4,165,4.12,6,0
2025-Q4,499,2.41,8,0
2025-Q4,201,4.25,9,0
2025-Q4,392,3.08,7,0
2025-Q4,156,4.43,8,0
2025-Q4,44,3.2,8,0
2025-Q4,270,3.43,4,0
2025-Q4,413,3.89,6,0
2025-Q4,240,3.2,1,0
2025-Q4,493,3.63,11,0
2025-Q4,127,3.26,6,0
2025-Q4,304,3.41,6,0
2025-Q4,473,2.57,3,0
2025-Q4,561,3.5,4,0
2025-Q4,229,3.71,5,0
2025-Q4,302,4.05,6,0
2025-Q4,416,2.7,5,0
2025-Q4,503,1.5,3,0
2025-Q4,35,3.87,5,0
2025-Q4,464,3.59,9,0
2025-Q4,112,3.38,6,0
2025-Q4,266,4.34,10,0
2025-Q4,58,2.5,8,0
2025-Q4,637,3.46,8,0
2025-Q4,494,3.03,8,0
2025-Q4,415,3.95,4,0
2025-Q4,356,3.25,7,0
2025-Q4,224,1.76,5,0
2025-Q4,372,3.66,4,0
2025-Q4,197,3.91,8,0
2025-Q4,124,2.75,5,0
2025-Q4,562,4.19,7,0
2025-Q4,54,3.22,3,0
2025-Q4,391,2.57,10,0
2025-Q4,510,2.76,6,0
2025-Q4,27,3.96,9,0
2025-Q4,361,2.91,2,0
2025-Q4,498,3.27,3,0
2025-Q4,524,2.91,6,0
2025-Q4,459,2.42,3,0
2025-Q4,192,4.66,8,0
2025-Q4,160,2.54,4,0
2025-Q4,13,3.17,9,0
2025-Q4,23,4.2,4,0
2025-Q4,111,3.55,8,0
2025-Q4,210,4.12,4,0
2025-Q4,546,3.6,1,0
2025-Q4,181,4.14,5,0
2025-Q4,329,3.45,11,0
2025-Q4,403,4.45,6,0
2025-Q4,629,1.79,12,0
2025-Q4,221,1.99,5,0
2025-Q4,319,5.0,3,0
2025-Q4,182,3.53,8,0
2025-Q4,41,3.57,8,0
2025-Q4,478,4.15,4,0
2025-Q4,575,4.46,7,0
2025-Q4,103,4.36,6,0
2025-Q4,154,3.65,6,0
2025-Q4,549,2.61,6,0
2025-Q4,369,2.82,6,0
2025-Q4,443,4.12,8,0
2025-Q4,281,2.66,6,0
2025-Q4,178,3.43,6,0
2025-Q4,250,3.27,5,0
2025-Q4,158,2.76,11,0
2025-Q4,408,3.32,7,0
2025-Q4,588,4.35,6,0
2025-Q4,458,3.86,3,0
2025-Q4,401,4.98,7,1
2025-Q4,628,3.45,5,0
2025-Q4,567,,7,0
2025-Q4,248,2.43,9,0
2025-Q4,39,2.78,4,0
2025-Q4,644,4.07,6,0
2025-Q4,167,4.3,4,0
2025-Q4,228,2.57,5,0
2025-Q4,90,2.54,2,0
2025-Q4,511,2.35,3,0
2025-Q4,600,4.31,8,0
2025-Q4,279,4.07,5,0
2025-Q4,515,3.76,8,0
2025-Q4,554,3.79,6,0
2025-Q4,504,3.03,7,0
2025-Q4,440,3.39,7,0
2025-Q4,522,3.52,3,0
2025-Q4,180,3.89,4,0
2025-Q4,202,2.37,8,0
2025-Q4,216,3.44,6,0
2025-Q4,68,2.59,7,0
2025-Q4,280,3.16,4,0
2025-Q4,604,3.46,8,0
2025-Q4,299,3.44,3,0
2025-Q4,92,4.64,8,0
2025-Q4,577,3.66,4,0
2025-Q4,32,2.84,7,0
2025-Q4,77,2.91,5,0
2025-Q4,79,4.58,5,0
2025-Q4,347,2.11,7,0
2025-Q4,69,3.55,5,0
2025-Q4,431,3.74,12,0
2025-Q4,635,4.24,6,0
2025-Q4,36,3.99,8,0
2025-Q4,309,3.44,5,0
2025-Q4,572,3.63,6,0
2025-Q4,243,1.78,3,0
2025-Q4,222,2.46,3,0
2025-Q4,162,2.9,7,0
2025-Q4,57,3.42,3,0
2025-Q4,193,3.97,5,0
2025-Q4,148,1.5,4,0
2025-Q4,49,2.88,5,0
2025-Q4,142,3.1,5,0
2025-Q4,198,2.06,3,0
2025-Q4,42,3.01,2,0
2025-Q4,448,4.27,5,0
2025-Q4,621,4.64,6,0
2025-Q4,340,4.76,9,0
2025-Q4,445,2.06,7,0
2025-Q4,520,3.29,4,0
2025-Q4,594,3.25,7,0
2025-Q4,427,3.31,6,0
2025-Q4,460,3.01,8,0
2025-Q4,611,3.61,6,0
2025-Q4,61,3.39,2,0
2025-Q4,354,4.2,7,0
2025-Q4,421,3.11,8,0
2025-Q4,208,4.08,6,0
2025-Q4,152,3.98,10,0
2025-Q4,306,3.33,2,0
2025-Q4,631,3.88,9,0
2025-Q4,138,4.27,7,0
2025-Q4,226,1.66,8,0
2025-Q4,346,4.26,10,0
2025-Q4,553,2.88,7,0
2025-Q4,82,3.76,6,0
2025-Q4,531,3.81,6,0
2025-Q4,339,3.5,7,0
2025-Q4,643,2.86,5,0
2025-Q4,352,3.51,10,0
2025-Q4,633,3.37,10,0
2025-Q4,555,4.4,4,0
2025-Q4,606,2.61,7,0
2025-Q4,251,3.14,7,0
2025-Q4,438,4.08,4,0
2025-Q4,149,2.37,9,0
2025-Q4,490,3.26,12,0
2025-Q4,318,3.34,4,0
2025-Q4,3,3.32,6,0
2025-Q4,404,3.38,7,0
2025-Q4,206,3.76,7,0
2025-Q4,482,2.58,2,0
2025-Q4,21,3.5,5,0
2025-Q4,463,3.25,6,0
2025-Q4,468,3.69,4,0
2025-Q4,380,1.0,9,0
2025-Q4,496,2.97,7,0
2025-Q4,55,3.55,4,0
2025-Q4,396,3.78,6,0
2025-Q4,373,3.2,4,0
2025-Q4,444,3.21,8,0
2025-Q4,15,4.11,10,0
2025-Q4,375,4.26,7,0
2025-Q4,227,3.61,2,0
2025-Q4,619,3.57,10,0
2025-Q4,220,2.89,6,0
2025-Q4,244,4.12,7,0
2025-Q4,261,3.09,3,0
2025-Q4,434,2.93,11,0
2025-Q4,543,3.59,6,0
2025-Q4,191,4.14,3,0
2025-Q4,462,1.99,4,0
2025-Q4,469,3.54,8,0
2025-Q4,349,3.65,4,0
2025-Q4,48,3.48,4,0
2025-Q4,313,3.62,4,0
2025-Q4,442,3.15,5,0
2025-Q4,424,3.24,7,0
2025-Q4,211,3.81,5,0
2025-Q4,447,3.2,5,0
2025-Q4,405,4.11,6,0
2025-Q4,71,3.24,5,0
2025-Q4,363,3.08,5,0
2025-Q4,95,3.49,3,0
2025-Q4,301,3.03,9,0
2025-Q4,238,3.17,6,0
2025-Q4,60,3.23,3,0
2025-Q4,357,2.98,8,0
2025-Q4,537,3.64,9,0
2025-Q4,237,3.95,8,0
2025-Q4,74,3.4,4,0
2025-Q4,233,3.21,7,0
2025-Q4,283,2.8,5,0
2025-Q4,143,2.63,4,0
2025-Q4,176,2.57,6,0
2025-Q4,18,4.26,9,0
2025-Q4,242,4.65,4,0
2025-Q4,282,2.81,1,0
2025-Q4,179,2.88,3,0
2025-Q4,225,3.46,8,0
2025-Q4,558,3.8,6,0
2025-Q4,78,2.31,6,0
2025-Q4,241,3.22,6,0
2025-Q4,113,2.24,6,0
2025-Q4,134,3.35,10,0
2025-Q4,414,4.19,9,0
2025-Q4,437,3.86,4,0
2025-Q4,418,2.89,9,0
2025-Q4,472,3.71,9,0
2025-Q4,451,3.71,5,0
2025-Q4,96,3.35,4,0
2025-Q4,157,2.69,2,0
2025-Q4,638,2.97,6,0
2025-Q4,564,3.02,3,0
2025-Q4,136,4.02,5,0
2025-Q4,508,2.37,3,0
2025-Q4,101,4.02,4,0
2025-Q4,255,3.34,3,0
2025-Q4,362,3.21,5,0
2025-Q4,140,3.86,12,0
2025-Q4,639,3.86,3,0
2025-Q4,5,3.22,7,0
2025-Q4,353,2.89,8,0
2025-Q4,1,3.32,11,0
2025-Q4,382,3.42,6,0
2025-Q4,337,4.36,4,0
2025-Q4,539,3.8,5,0
2025-Q4,385,4.6,6,0
2025-Q4,276,2.22,9,0
2025-Q4,509,4.66,4,0
2025-Q4,293,2.31,4,0
2025-Q4,10,4.13,7,0
2025-Q4,630,3.39,8,0
2025-Q4,381,2.16,8,0
2025-Q4,298,2.75,8,0
2025-Q4,147,3.09,3,0
2025-Q4,173,3.13,2,0
2025-Q4,334,2.28,7,0
2025-Q4,377,3.69,5,0
2025-Q4,235,3.24,8,0
2025-Q4,634,3.74,6,0
2025-Q4,605,3.33,5,0
2025-Q4,108,2.99,5,0
2025-Q4,215,3.84,7,0
2025-Q4,571,2.02,10,0
2025-Q4,330,3.68,8,0
2025-Q4,213,,5,0
2025-Q4,409,4.1,3,0
2025-Q4,325,4.47,7,0
2025-Q4,398,3.5,11,0
2025-Q4,31,3.72,6,0
2025-Q4,183,2.75,4,0
2025-Q4,534,3.68,4,0
2025-Q4,268,3.37,9,0
2025-Q4,9,2.9,6,0
2025-Q4,34,3.29,3,0
2025-Q4,390,4.2,5,0
2025-Q4,480,2.57,3,0
2025-Q4,388,2.8,5,0
2025-Q4,196,3.5,3,0
2025-Q4,56,4.27,6,0
2025-Q4,163,3.24,6,0
2025-Q4,599,3.5,4,0
