produto_id,descricao,categoria,ncm,ean,preco_referencia
1,Produto 0001 - Eletrônicos,Eletrônicos,85171231,3923020706661,1563.4
2,Produto 0002 - Áudio,Áudio,85182100,6220239788213,1406.54
3,Produto 0003 - Eletrônicos,Eletrônicos,85171231,1086461771605,2167.2
4,Produto 0004 - Armazenamento,Armazenamento,84717012,9409317804682,319.53
5,Produto 0005 - Armazenamento,Armazenamento,84717012,9205331746451,1931.92
6,Produto 0006 - Acessórios,Acessórios,84716053,7321451955200,1156.05
7,Produto 0007 - Armazenamento,Armazenamento,84717012,4599523264267,532.03
8,Produto 0008 - TV,TV,85287200,4392898932540,905.69
9,Produto 0009 - Rede,Rede,85176239,9722797320266,1027.19
10,Produto 0010 - Acessórios,Acessórios,84716053,6790734244026,1613.59
11,Produto 0011 - Rede,Rede,85176239,8650830448877,583.03
12,Produto 0012 - TV,TV,85287200,7119245288641,599.23
13,Produto 0013 - Armazenamento,Armazenamento,84717012,3009754315725,1563.29
14,Produto 0014 - Acessórios,Acessórios,84716053,4142223880636,1316.95
15,Produto 0015 - Rede,Rede,85176239,9555398190055,1507.85
16,Produto 0016 - Acessórios,Acessórios,84716053,4048943885968,1769.61
17,Produto 0017 - Áudio,Áudio,85182100,3298276872153,1475.04
18,Produto 0018 - TV,TV,85287200,4772538359152,2344.92
19,Produto 0019 - Informática,Informática,84713012,6613321031134,641.1
20,Produto 0020 - Informática,Informática,84713012,4922307173115,1914.29
21,Produto 0021 - Eletrônicos,Eletrônicos,85171231,3974806281954,923.47
22,Produto 0022 - Áudio,Áudio,85182100,8138698116134,1350.63
23,Produto 0023 - Áudio,Áudio,85182100,4396830875655,1124.62
24,Produto 0024 - TV,TV,85287200,7882682740878,2565.02
25,Produto 0025 - Informática,Informática,84713012,3884813984216,1642.35
26,Produto 0026 - Informática,Informática,8471301,6981008281395,1561.89
27,Produto 0027 - Informática,Informática,84713012,2413972350441,364.5
28,Produto 0028 - Informática,Informática,84713012,4465831661786,675.22
29,Produto 0029 - Acessórios,Acessórios,84716053,1880693109720,2565.94
30,Produto 0030 - Acessórios,Acessórios,84716053,5728915393106,1122.25
31,Produto 0031 - Acessórios,Acessórios,84716053,5412959843822,1878.51
32,Produto 0032 - Informática,Informática,84713012,3461582626418,1505.14
33,Produto 0033 - TV,TV,85287200,2888255186346,768.44
34,Produto 0034 - TV,TV,85287200,3733413025597,1581.09
35,Produto 0035 - Rede,Rede,85176239,8367255126563,786.28
36,Produto 0036 - Informática,Informática,84713012,5049085490585,1969.66
37,Produto 0037 - Informática,Informática,84713012,9799549451554,1824.08
38,Produto 0038 - Acessórios,Acessórios,84716053,3109284542241,1146.57
39,Produto 0039 - Rede,Rede,85176239,4935007683670,1352.88
40,Produto 0040 - Acessórios,Acessórios,84716053,3815773873535,637.92
41,Produto 0041 - Áudio,Áudio,85182100,7130560157235,1463.5
42,Produto 0042 - Eletrônicos,Eletrônicos,85171231,2320855186655,1686.44
43,Produto 0043 - Eletrônicos,Eletrônicos,85171231,8508869052407,747.68
44,Produto 0044 - Informática,Informática,84713012,3592312694112,716.81
45,Produto 0045 - Informática,Informática,84713012,4910233062268,1162.37
46,Produto 0046 - Informática,Informática,84713012,1397478480879,1575.37
47,Produto 0047 - Informática,Informática,84713012,5302855433342,2035.26
48,Produto 0048 - Acessórios,Acessórios,84716053,6255715845349,866.57
49,Produto 0049 - Informática,Informática,84713012,6861809800654,2995.35
50,Produto 0050 - Eletrônicos,Eletrônicos,85171231,4753892775043,2144.42
51,Produto 0051 - TV,TV,85287200,4311858497208,1543.24
52,Produto 0052 - Informática,Informática,84713012,3502076121846,2006.96
53,Produto 0053 - Acessórios,Acessórios,84716053,2896639179054,2206.56
54,Produto 0054 - Acessórios,Acessórios,84716053,1799252549228,475.09
55,Produto 0055 - TV,TV,85287200,2010539858412,2328.76
56,Produto 0056 - Acessórios,Acessórios,84716053,5541882511438,1112.68
57,Produto 0057 - Informática,Informática,84713012,2640938998093,2030.33
58,Produto 0058 - Informática,Informática,84713012,8119538463036,2497.55
59,Produto 0059 - Informática,Informática,84713012,2706897403054,1215.54
60,Produto 0060 - Acessórios,Acessórios,84716053,1931638286361,1255.44
61,Produto 0061 - Acessórios,Acessórios,84716053,5482825923016,1004.81
62,Produto 0062 - Armazenamento,Armazenamento,84717012,7918930398729,1855.65
63,Produto 0063 - Eletrônicos,Eletrônicos,85171231,9988133111964,1528.67
64,Produto 0064 - Eletrônicos,Eletrônicos,85171231,1253835600577,1649.33
65,Produto 0065 - Armazenamento,Armazenamento,84717012,6551818633608,477.3
66,Produto 0066 - Armazenamento,Armazenamento,84717012,7710757515493,1161.35
67,Produto 0067 - Acessórios,Acessórios,84716053,8185622347977,1121.54
68,Produto 0068 - Acessórios,Acessórios,84716053,8242271527201,1886.4
69,Produto 0069 - Acessórios,Acessórios,84716053,4395610231164,1526.75
70,Produto 0070 - Eletrônicos,Eletrônicos,85171231,9451781146728,1773.65
71,Produto 0071 - Armazenamento,Armazenamento,84717012,2317999751464,1351.53
72,Produto 0072 - Eletrônicos,Eletrônicos,85171231,4168969082336,1926.38
73,Produto 0073 - TV,TV,85287200,7807342701124,975.22
74,Produto 0074 - Áudio,Áudio,85182100,8722991482248,3382.08
75,Produto 0075 - TV,TV,85287200,1780561651034,1129.26
76,Produto 0076 - Eletrônicos,Eletrônicos,85171231,6987215284516,1175.97
77,Produto 0077 - Informática,Informática,84713012,6296310151581,1576.93
78,Produto 0078 - Informática,Informática,84713012,6819805585995,1919.19
79,Produto 0079 - Rede,Rede,85176239,4351005810327,765.76
80,Produto 0080 - Acessórios,Acessórios,84716053,4416422040086,594.08
81,Produto 0081 - Informática,Informática,84713012,7986718700262,1250.5
82,Produto 0082 - Áudio,Áudio,85182100,4420987195951,2261.27
83,Produto 0083 - Informática,Informática,84713012,7271903971131,314.3
84,Produto 0084 - TV,TV,85287200,8932592576214,905.63
85,Produto 0085 - Informática,Informática,84713012,3622251324938,572.61
86,Produto 0086 - TV,TV,85287200,3120237499848,905.62
87,Produto 0087 - Rede,Rede,85176239,7679794249172,1713.05
88,Produto 0088 - Armazenamento,Armazenamento,84717012,4231535618938,1066.2
89,Produto 0089 - Áudio,Áudio,85182100,8135237759381,1133.46
90,Produto 0090 - Acessórios,Acessórios,84716053,1022824218061,1711.89
91,Produto 0091 - Armazenamento,Armazenamento,84717012,6666930329190,1570.26
92,Produto 0092 - Áudio,Áudio,85182100,8666550433255,2900.99
93,Produto 0093 - TV,TV,85287200,4716120137370,2075.32
94,Produto 0094 - Acessórios,Acessórios,8471605,8864583363051,1537.56
95,Produto 0095 - Eletrônicos,Eletrônicos,85171231,9469924117883,1412.17
96,Produto 0096 - Acessórios,Acessórios,84716053,9612210180872,1488.57
97,Produto 0097 - Informática,Informática,84713012,8670689094119,405.54
98,Produto 0098 - Eletrônicos,Eletrônicos,85171231,9420491705488,1237.09
99,Produto 0099 - Informática,Informática,84713012,1785479937824,1571.83
100,Produto 0100 - TV,TV,85287200,9317253196038,696.62
101,Produto 0101 - Armazenamento,Armazenamento,84717012,7187753932990,1747.36
102,Produto 0102 - TV,TV,85287200,6608012307791,3388.13
103,Produto 0103 - Eletrônicos,Eletrônicos,85171231,2775727297436,2180.79
104,Produto 0104 - Armazenamento,Armazenamento,84717012,7172736464334,2145.53
105,Produto 0105 - Eletrônicos,Eletrônicos,85171231,3119398955659,1208.01
106,Produto 0106 - Informática,Informática,84713012,8364739359701,1015.96
107,Produto 0107 - TV,TV,85287200,6872535069062,2001.8
108,Produto 0108 - Acessórios,Acessórios,84716053,4286423265223,1393.14
109,Produto 0109 - Eletrônicos,Eletrônicos,85171231,5804629763907,839.81
110,Produto 0110 - Informática,Informática,84713012,3305981121669,458.83
111,Produto 0111 - Informática,Informática,84713012,6798550230161,423.79
112,Produto 0112 - TV,TV,85287200,8588581142205,1758.28
113,Produto 0113 - Informática,Informática,84713012,3177826682128,1010.82
114,Produto 0114 - Armazenamento,Armazenamento,84717012,1518150281995,2460.67
115,Produto 0115 - Acessórios,Acessórios,84716053,4058780641402,2247.79
116,Produto 0116 - Informática,Informática,84713012,7527319356513,1284.79
117,Produto 0117 - Informática,Informática,84713012,9519373617578,2531.14
118,Produto 0118 - Eletrônicos,Eletrônicos,85171231,3280897891716,590.05
119,Produto 0119 - Informática,Informática,84713012,5013152473044,1370.6
120,Produto 0120 - Acessórios,Acessórios,84716053,3561098890831,644.71
121,Produto 0121 - Rede,Rede,85176239,1754403664259,772.78
122,Produto 0122 - Acessórios,Acessórios,84716053,7194590271521,1257.74
123,Produto 0123 - TV,TV,85287200,7286452103951,1110.84
124,Produto 0124 - Áudio,Áudio,85182100,1261118117221,2391.27
125,Produto 0125 - Eletrônicos,Eletrônicos,85171231,8183567326501,1070.97
126,Produto 0126 - Eletrônicos,Eletrônicos,85171231,1018338591377,1438.82
127,Produto 0127 - Acessórios,Acessórios,84716053,7134707674090,1201.57
128,Produto 0128 - Eletrônicos,Eletrônicos,85171231,3487926676194,1327.34
129,Produto 0129 - Acessórios,Acessórios,84716053,3901773326178,2551.51
130,Produto 0130 - Acessórios,Acessórios,84716053,2580388012341,1462.89
131,Produto 0131 - Áudio,Áudio,85182100,9641878472468,2109.31
132,Produto 0132 - Armazenamento,Armazenamento,84717012,1312372278772,1042.2
133,Produto 0133 - Eletrônicos,Eletrônicos,85171231,4836228474826,7133.41
134,Produto 0134 - TV,TV,85287200,8315867096086,1895.8
135,Produto 0135 - Informática,Informática,84713012,7470967257144,2607.85
136,Produto 0136 - Informática,Informática,84713012,6042478475878,1630.13
137,Produto 0137 - Eletrônicos,Eletrônicos,85171231,3235312793858,698.51
138,Produto 0138 - Eletrônicos,Eletrônicos,85171231,8105187711072,2012.5
139,Produto 0139 - Áudio,Áudio,85182100,6644068970926,1089.93
140,Produto 0140 - Informática,Informática,84713012,4900315859682,1029.4
141,Produto 0141 - Informática,Informática,84713012,8865662950966,1322.27
142,Produto 0142 - Informática,Informática,84713012,1067041217218,689.19
143,Produto 0143 - Informática,Informática,84713012,3006544560644,2386.4
144,Produto 0144 - Armazenamento,Armazenamento,84717012,2111042766284,2280.86
145,Produto 0145 - Informática,Informática,84713012,6736550573508,505.06
146,Produto 0146 - Acessórios,Acessórios,84716053,8418768701310,1128.56
147,Produto 0147 - Informática,Informática,84713012,6577660989353,950.78
148,Produto 0148 - Rede,Rede,85176239,6656758857545,1697.42
149,Produto 0149 - Eletrônicos,Eletrônicos,85171231,2768343407150,2015.75
150,Produto 0150 - Acessórios,Acessórios,84716053,9622878374280,1402.23
151,Produto 0151 - Eletrônicos,Eletrônicos,85171231,9981157359379,1612.37
152,Produto 0152 - Áudio,Áudio,85182100,7236858132646,697.64
153,Produto 0153 - Eletrônicos,Eletrônicos,85171231,3975307288395,869.06
154,Produto 0154 - TV,TV,85287200,8664882023076,2224.0
155,Produto 0155 - Armazenamento,Armazenamento,84717012,1491211742174,2400.08
156,Produto 0156 - Eletrônicos,Eletrônicos,85171231,6974674000724,2386.2
157,Produto 0157 - Rede,Rede,85176239,8621555779238,772.44
158,Produto 0158 - Rede,Rede,85176239,4167998522855,829.52
159,Produto 0159 - Rede,Rede,85176239,2192378911171,343.84
160,Produto 0160 - Eletrônicos,Eletrônicos,85171231,9033178067811,3601.4
161,Produto 0161 - Eletrônicos,Eletrônicos,85171231,5510531901872,1115.82
162,Produto 0162 - Informática,Informática,84713012,1129063582173,2467.25
163,Produto 0163 - Acessórios,Acessórios,84716053,9432262741696,977.57
164,Produto 0164 - Informática,Informática,84713012,7787003868519,954.65
165,Produto 0165 - Informática,Informática,84713012,6760793510311,2204.58
166,Produto 0166 - Eletrônicos,Eletrônicos,85171231,1334200169849,1579.68
167,Produto 0167 - Acessórios,Acessórios,84716053,3787098081266,696.19
168,Produto 0168 - Armazenamento,Armazenamento,84717012,9892086256780,530.1
169,Produto 0169 - Acessórios,Acessórios,84716053,9722231767542,1263.04
170,Produto 0170 - Eletrônicos,Eletrônicos,85171231,4011971286905,956.54
171,Produto 0171 - Informática,Informática,84713012,3101207071814,1245.2
172,Produto 0172 - Acessórios,Acessórios,84716053,5519507455382,978.75
173,Produto 0173 - Informática,Informática,84713012,4688372872297,1389.6
174,Produto 0174 - Acessórios,Acessórios,84716053,2582348557459,792.75
175,Produto 0175 - Acessórios,Acessórios,84716053,4696866307819,762.07
176,Produto 0176 - Áudio,Áudio,85182100,2324904063153,965.35
177,Produto 0177 - Acessórios,Acessórios,84716053,7940339268525,792.31
178,Produto 0178 - Eletrônicos,Eletrônicos,85171231,8910739275836,6009.55
179,Produto 0179 - Informática,Informática,84713012,4002013585600,831.62
180,Produto 0180 - Eletrônicos,Eletrônicos,85171231,1726501892827,3657.76
181,Produto 0181 - TV,TV,85287200,8681670703904,1225.63
182,Produto 0182 - Eletrônicos,Eletrônicos,85171231,9689558138043,463.44
183,Produto 0183 - Acessórios,Acessórios,84716053,3731145310061,724.81
184,Produto 0184 - Informática,Informática,84713012,7037727211623,1070.44
185,Produto 0185 - TV,TV,85287200,1608128057768,1089.89
186,Produto 0186 - Eletrônicos,Eletrônicos,85171231,6652900113026,1463.31
187,Produto 0187 - Armazenamento,Armazenamento,84717012,7425531977837,687.38
188,Produto 0188 - Acessórios,Acessórios,84716053,2881667326748,936.14
189,Produto 0189 - Informática,Informática,84713012,3610670543783,1639.98
190,Produto 0190 - Armazenamento,Armazenamento,84717012,7508936415358,1062.54
191,Produto 0191 - Acessórios,Acessórios,84716053,9842309664931,683.51
192,Produto 0192 - Áudio,Áudio,85182100,7588192717766,761.83
193,Produto 0193 - Armazenamento,Armazenamento,84717012,5089915369151,4118.49
194,Produto 0194 - Acessórios,Acessórios,84716053,8714245908156,709.82
195,Produto 0195 - Acessórios,Acessórios,84716053,9480319296176,1460.7
196,Produto 0196 - Informática,Informática,84713012,7605193309859,674.72
197,Produto 0197 - Informática,Informática,84713012,7380530174836,3203.18
198,Produto 0198 - Informática,Informática,84713012,3611497576554,1625.29
199,Produto 0199 - Eletrônicos,Eletrônicos,85171231,9423604918873,1380.65
200,Produto 0200 - Áudio,Áudio,85182100,1513027420657,3222.73
201,Produto 0201 - Informática,Informática,84713012,3604775600442,907.63
202,Produto 0202 - Informática,Informática,84713012,6279013338798,1698.28
203,Produto 0203 - Informática,Informática,84713012,7186568637766,837.9
204,Produto 0204 - Acessórios,Acessórios,84716053,1330047105831,2119.96
205,Produto 0205 - Acessórios,Acessórios,84716053,7872751340503,2290.49
206,Produto 0206 - Rede,Rede,85176239,3943195930475,1251.42
207,Produto 0207 - Armazenamento,Armazenamento,84717012,5794773148263,1087.43
208,Produto 0208 - Eletrônicos,Eletrônicos,85171231,4606332846928,778.01
209,Produto 0209 - Eletrônicos,Eletrônicos,85171231,9364612419397,1592.31
210,Produto 0210 - Armazenamento,Armazenamento,84717012,4107077187354,1549.55
211,Produto 0211 - Informática,Informática,847130120,5180091615185,1063.67
212,Produto 0212 - Armazenamento,Armazenamento,84717012,8609347127846,2227.36
213,Produto 0213 - TV,TV,85287200,6990357694464,1321.52
214,Produto 0214 - Eletrônicos,Eletrônicos,85171231,9473663536634,2226.7
215,Produto 0215 - Informática,Informática,84713012,8015985232225,1911.95
216,Produto 0216 - TV,TV,85287200,3985957508080,586.49
217,Produto 0217 - Armazenamento,Armazenamento,84717012,6245236724206,1625.79
218,Produto 0218 - Eletrônicos,Eletrônicos,8517123,3310484706006,1412.37
219,Produto 0219 - Armazenamento,Armazenamento,84717012,5672817082646,1609.72
220,Produto 0220 - Armazenamento,Armazenamento,84717012,3447657067366,517.97
221,Produto 0221 - Acessórios,Acessórios,84716053,9249681508301,1286.5
222,Produto 0222 - TV,TV,85287200,4034663592606,2254.25
223,Produto 0223 - Acessórios,Acessórios,84716053,9571213515129,946.5
224,Produto 0224 - Eletrônicos,Eletrônicos,85171231,9467432283800,859.76
225,Produto 0225 - Armazenamento,Armazenamento,84717012,1611010796918,1662.48
226,Produto 0226 - Informática,Informática,84713012,8186101574616,966.96
227,Produto 0227 - Rede,Rede,85176239,6127080531477,1043.22
228,Produto 0228 - Informática,Informática,84713012,9580837470983,1649.47
229,Produto 0229 - Eletrônicos,Eletrônicos,85171231,9021698330825,2215.22
230,Produto 0230 - Informática,Informática,84713012,9946281803215,4396.47
231,Produto 0231 - Acessórios,Acessórios,84716053,2703329575526,1040.78
232,Produto 0232 - Informática,Informática,84713012,3149677424410,1408.55
233,Produto 0233 - Informática,Informática,84713012,9459189353861,531.33
234,Produto 0234 - TV,TV,85287200,8022683687636,1288.46
235,Produto 0235 - Informática,Informática,84713012,5574614241590,2236.4
236,Produto 0236 - TV,TV,85287200,5685351622314,861.32
237,Produto 0237 - Informática,Informática,84713012,3103027578390,868.36
238,Produto 0238 - Informática,Informática,84713012,4039770593268,1714.45
239,Produto 0239 - Informática,Informática,84713012,4672585666805,1076.81
240,Produto 0240 - Rede,Rede,85176239,1184355799465,1726.17
241,Produto 0241 - Eletrônicos,Eletrônicos,85171231,2864592910015,872.75
242,Produto 0242 - TV,TV,85287200,7243105555757,1373.71
243,Produto 0243 - Acessórios,Acessórios,84716053,3523930425102,1159.64
244,Produto 0244 - Eletrônicos,Eletrônicos,85171231,8579575390308,1395.76
245,Produto 0245 - Armazenamento,Armazenamento,84717012,2389820051432,1084.83
246,Produto 0246 - Eletrônicos,Eletrônicos,85171231,4362318314543,1612.93
247,Produto 0247 - Rede,Rede,85176239,4854185701418,1763.27
248,Produto 0248 - Armazenamento,Armazenamento,84717012,4832258368538,1548.71
249,Produto 0249 - Informática,Informática,84713012,3874338327479,1235.15
250,Produto 0250 - Eletrônicos,Eletrônicos,85171231,4761786359786,557.59
251,Produto 0251 - Rede,Rede,85176239,6085337107562,2008.21
252,Produto 0252 - Acessórios,Acessórios,84716053,5350491117343,3149.8
253,Produto 0253 - Eletrônicos,Eletrônicos,85171231,7730942398418,2119.64
254,Produto 0254 - Áudio,Áudio,85182100,7833818523595,340.32
255,Produto 0255 - TV,TV,85287200,6051478671796,5272.18
256,Produto 0256 - Eletrônicos,Eletrônicos,85171231,7352398276646,5458.79
257,Produto 0257 - Armazenamento,Armazenamento,84717012,4959406894001,488.6
258,Produto 0258 - Rede,Rede,85176239,7840706957709,2580.59
259,Produto 0259 - Eletrônicos,Eletrônicos,85171231,3469022833563,1483.83
260,Produto 0260 - TV,TV,85287200,6088811879642,559.5
261,Produto 0261 - Áudio,Áudio,85182100,8615456638461,1310.11
262,Produto 0262 - Informática,Informática,84713012,5431118572757,1052.92
263,Produto 0263 - TV,TV,85287200,7797798755787,1115.44
264,Produto 0264 - Informática,Informática,84713012,7581298934923,1348.29
265,Produto 0265 - TV,TV,85287200,5858401609920,2261.09
266,Produto 0266 - TV,TV,85287200,2551633184003,1418.44
267,Produto 0267 - Informática,Informática,84713012,1898236570789,1496.59
268,Produto 0268 - Eletrônicos,Eletrônicos,85171231,8779513572735,902.02
269,Produto 0269 - Eletrônicos,Eletrônicos,85171231,4456261555332,1269.53
270,Produto 0270 - Eletrônicos,Eletrônicos,85171231,3909261308169,409.2
271,Produto 0271 - Áudio,Áudio,85182100,6898680843409,973.12
272,Produto 0272 - Eletrônicos,Eletrônicos,85171231,1901536593975,954.96
273,Produto 0273 - Eletrônicos,Eletrônicos,85171231,9679436102006,1556.48
274,Produto 0274 - Áudio,Áudio,85182100,5456686633585,991.52
275,Produto 0275 - Informática,Informática,84713012,1768728623171,2431.99
276,Produto 0276 - Áudio,Áudio,85182100,1942211764579,1298.77
277,Produto 0277 - TV,TV,85287200,3376475459098,2044.91
278,Produto 0278 - Eletrônicos,Eletrônicos,85171231,2557643350257,1278.85
279,Produto 0279 - Acessórios,Acessórios,84716053,7335694649311,3151.0
280,Produto 0280 - Acessórios,Acessórios,84716053,6499563261458,1931.93
281,Produto 0281 - Informática,Informática,84713012,8365601016607,1987.76
282,Produto 0282 - Eletrônicos,Eletrônicos,85171231,5425014265368,677.16
283,Produto 0283 - Eletrônicos,Eletrônicos,8517123,6002583720703,2078.84
284,Produto 0284 - Informática,Informática,84713012,9802364033589,1244.67
285,Produto 0285 - Acessórios,Acessórios,84716053,1430242515737,981.31
286,Produto 0286 - Eletrônicos,Eletrônicos,85171231,4836491394171,1176.78
287,Produto 0287 - Informática,Informática,84713012,3284019318357,474.4
288,Produto 0288 - Informática,Informática,84713012,1442134886125,917.95
289,Produto 0289 - Áudio,Áudio,85182100,9927578394307,2571.93
290,Produto 0290 - Informática,Informática,84713012,9722383436970,1143.87
291,Produto 0291 - Rede,Rede,85176239,5574835093924,852.52
292,Produto 0292 - Acessórios,Acessórios,84716053,6610938655044,1242.56
293,Produto 0293 - Eletrônicos,Eletrônicos,85171231,9560384063571,2386.88
294,Produto 0294 - Acessórios,Acessórios,84716053,2907835448427,1779.23
295,Produto 0295 - Informática,Informática,84713012,2117394908770,1889.38
296,Produto 0296 - Eletrônicos,Eletrônicos,85171231,3694232914000,2570.39
297,Produto 0297 - Informática,Informática,84713012,4173790151640,3391.01
298,Produto 0298 - Acessórios,Acessórios,84716053,1951622073057,1342.78
299,Produto 0299 - TV,TV,85287200,9035797173057,640.27
300,Produto 0300 - Rede,Rede,85176239,3843585272866,641.6
301,Produto 0301 - Acessórios,Acessórios,84716053,8060282512391,1496.97
302,Produto 0302 - Armazenamento,Armazenamento,84717012,5221929041759,1260.41
303,Produto 0303 - Informática,Informática,84713012,1372164458264,963.18
304,Produto 0304 - Armazenamento,Armazenamento,84717012,8741168778768,1595.91
305,Produto 0305 - Informática,Informática,84713012,9560803172538,628.93
306,Produto 0306 - Informática,Informática,84713012,4300275818509,885.73
307,Produto 0307 - Acessórios,Acessórios,84716053,3981418835457,881.18
308,Produto 0308 - Armazenamento,Armazenamento,84717012,3130449176924,2881.47
309,Produto 0309 - Informática,Informática,84713012,2563814645942,2316.7
310,Produto 0310 - Acessórios,Acessórios,84716053,2898476467513,1729.67
311,Produto 0311 - Acessórios,Acessórios,84716053,3670896495636,1588.99
312,Produto 0312 - TV,TV,85287200,6282332090522,995.48
313,Produto 0313 - Acessórios,Acessórios,84716053,1569366079617,1967.89
314,Produto 0314 - Acessórios,Acessórios,84716053,3239363061474,3363.11
315,Produto 0315 - Áudio,Áudio,85182100,5660301446246,1085.61
316,Produto 0316 - Informática,Informática,84713012,7289271415098,1202.3
317,Produto 0317 - Eletrônicos,Eletrônicos,85171231,3292637951009,860.42
318,Produto 0318 - Acessórios,Acessórios,84716053,5365812943588,1033.51
319,Produto 0319 - Áudio,Áudio,85182100,2725472894593,2333.33
320,Produto 0320 - Informática,Informática,84713012,6252799091804,1432.94
321,Produto 0321 - Informática,Informática,84713012,6712598917434,1483.63
322,Produto 0322 - Eletrônicos,Eletrônicos,85171231,2601390941248,1592.3
323,Produto 0323 - Informática,Informática,84713012,2146570148180,2566.15
324,Produto 0324 - Informática,Informática,84713012,9700750215321,3208.92
325,Produto 0325 - Eletrônicos,Eletrônicos,85171231,7387465494186,1119.47
326,Produto 0326 - Eletrônicos,Eletrônicos,85171231,6461215801244,506.91
327,Produto 0327 - Informática,Informática,84713012,2314423798304,849.16
328,Produto 0328 - Eletrônicos,Eletrônicos,85171231,7940329451494,1487.13
329,Produto 0329 - Acessórios,Acessórios,84716053,4470694853865,951.04
330,Produto 0330 - TV,TV,85287200,3671668460494,1372.29
331,Produto 0331 - Acessórios,Acessórios,84716053,9059820511181,3149.72
332,Produto 0332 - Eletrônicos,Eletrônicos,85171231,3221823816870,3209.37
333,Produto 0333 - Eletrônicos,Eletrônicos,85171231,8670044163837,938.67
334,Produto 0334 - Informática,Informática,84713012,6462507303741,995.72
335,Produto 0335 - Informática,Informática,84713012,3143646558625,1111.6
336,Produto 0336 - Rede,Rede,85176239,9506412895014,2211.43
337,Produto 0337 - Informática,Informática,84713012,7885623587537,768.47
338,Produto 0338 - Rede,Rede,85176239,3920348177369,1296.41
339,Produto 0339 - Eletrônicos,Eletrônicos,85171231,8888369514163,2561.12
340,Produto 0340 - Acessórios,Acessórios,84716053,3294875636369,1528.25
341,Produto 0341 - Informática,Informática,84713012,7235670631427,1431.94
342,Produto 0342 - TV,TV,85287200,7381024841045,2127.5
343,Produto 0343 - Acessórios,Acessórios,84716053,8038498858161,1264.44
344,Produto 0344 - Eletrônicos,Eletrônicos,85171231,7669015194862,1445.26
345,Produto 0345 - Rede,Rede,85176239,3023092541247,797.45
346,Produto 0346 - Acessórios,Acessórios,84716053,8083911109579,1575.64
347,Produto 0347 - Eletrônicos,Eletrônicos,85171231,3769639401324,801.45
348,Produto 0348 - Acessórios,Acessórios,84716053,6895034534566,3198.83
349,Produto 0349 - Eletrônicos,Eletrônicos,85171231,4810212565712,1592.46
350,Produto 0350 - Eletrônicos,Eletrônicos,85171231,5362339017870,1681.31
351,Produto 0351 - Eletrônicos,Eletrônicos,85171231,7044504354349,2299.31
352,Produto 0352 - Acessórios,Acessórios,84716053,5665801407092,600.86
353,Produto 0353 - Informática,Informática,84713012,5188750345549,1501.82
354,Produto 0354 - Informática,Informática,84713012,2303446977697,612.3
355,Produto 0355 - Armazenamento,Armazenamento,84717012,1832656067311,1571.58
356,Produto 0356 - Informática,Informática,84713012,2600376716468,1225.2
357,Produto 0357 - Informática,Informática,84713012,7698730884351,1675.03
358,Produto 0358 - Eletrônicos,Eletrônicos,85171231,5171550029392,812.32
359,Produto 0359 - Armazenamento,Armazenamento,84717012,2082078590624,1633.91
360,Produto 0360 - Armazenamento,Armazenamento,84717012,5678044134983,3437.22
361,Produto 0361 - TV,TV,85287200,1593266212475,2130.4
362,Produto 0362 - Rede,Rede,85176239,2678455846329,873.39
363,Produto 0363 - Informática,Informática,84713012,8683631853910,1345.55
364,Produto 0364 - Acessórios,Acessórios,84716053,8081772715267,3485.59
365,Produto 0365 - Acessórios,Acessórios,84716053,6595339960210,1507.9
366,Produto 0366 - Eletrônicos,Eletrônicos,85171231,8219371357205,1057.47
367,Produto 0367 - Acessórios,Acessórios,84716053,5205677128398,811.26
368,Produto 0368 - Eletrônicos,Eletrônicos,85171231,8294692769851,2292.41
369,Produto 0369 - Informática,Informática,84713012,8127020559820,288.94
370,Produto 0370 - Informática,Informática,84713012,5468100635564,960.5
371,Produto 0371 - Informática,Informática,84713012,7170814936197,3952.72
372,Produto 0372 - Eletrônicos,Eletrônicos,85171231,5385985131087,897.48
373,Produto 0373 - Eletrônicos,Eletrônicos,85171231,7280514197868,1703.19
374,Produto 0374 - Eletrônicos,Eletrônicos,85171231,9531537538433,2355.67
375,Produto 0375 - Eletrônicos,Eletrônicos,85171231,8106228757484,1832.3
376,Produto 0376 - Acessórios,Acessórios,84716053,9363407182300,2334.12
377,Produto 0377 - Rede,Rede,85176239,3008262552225,1074.05
378,Produto 0378 - Áudio,Áudio,85182100,1099311547090,1046.34
379,Produto 0379 - Acessórios,Acessórios,84716053,7968775007841,3022.86
380,Produto 0380 - Eletrônicos,Eletrônicos,85171231,5474661668228,1532.47
381,Produto 0381 - Informática,Informática,84713012,7782361134418,415.38
382,Produto 0382 - Armazenamento,Armazenamento,84717012,3725805448223,1273.87
383,Produto 0383 - Acessórios,Acessórios,84716053,7117352041021,513.35
384,Produto 0384 - Armazenamento,Armazenamento,84717012,1021199300155,2877.25
385,Produto 0385 - Acessórios,Acessórios,84716053,6713716336709,1997.29
386,Produto 0386 - Áudio,Áudio,85182100,4609984078415,659.63
387,Produto 0387 - Informática,Informática,84713012,8483665650365,1580.08
388,Produto 0388 - Informática,Informática,84713012,8908377271138,2612.75
389,Produto 0389 - Informática,Informática,84713012,8224928747017,627.21
390,Produto 0390 - Áudio,Áudio,85182100,6782806174001,1102.46
391,Produto 0391 - Rede,Rede,85176239,7756880824459,2407.97
392,Produto 0392 - TV,TV,85287200,6000363001665,1779.44
393,Produto 0393 - Armazenamento,Armazenamento,84717012,4012753114415,1011.48
394,Produto 0394 - Rede,Rede,85176239,7997258254458,1129.83
395,Produto 0395 - Eletrônicos,Eletrônicos,85171231,9630807168950,1602.72
396,Produto 0396 - Áudio,Áudio,85182100,5354585748014,1488.61
397,Produto 0397 - Acessórios,Acessórios,84716053,3923553740812,712.18
398,Produto 0398 - Eletrônicos,Eletrônicos,85171231,2816666554281,1182.75
399,Produto 0399 - Armazenamento,Armazenamento,84717012,9026208202017,2116.89
400,Produto 0400 - TV,TV,85287200,6960286161235,525.12
401,Produto 0401 - Acessórios,Acessórios,84716053,1555859048631,659.29
402,Produto 0402 - TV,TV,85287200,3030824697726,943.16
403,Produto 0403 - Informática,Informática,84713012,1442269954813,967.56
404,Produto 0404 - Eletrônicos,Eletrônicos,85171231,6095499871379,1337.19
405,Produto 0405 - Rede,Rede,85176239,3124674921221,1132.41
406,Produto 0406 - Informática,Informática,84713012,4065178526288,2310.93
407,Produto 0407 - Informática,Informática,84713012,5802844183575,664.72
408,Produto 0408 - Acessórios,Acessórios,84716053,2086744163083,1812.34
409,Produto 0409 - Armazenamento,Armazenamento,84717012,5406103954603,2260.4
410,Produto 0410 - Eletrônicos,Eletrônicos,85171231,6845229749932,794.81
411,Produto 0411 - Rede,Rede,85176239,3320252266958,4723.82
412,Produto 0412 - Acessórios,Acessórios,84716053,8759350653710,1732.16
413,Produto 0413 - Informática,Informática,84713012,7060399228816,1119.6
414,Produto 0414 - Rede,Rede,85176239,6397784391427,1753.72
415,Produto 0415 - Eletrônicos,Eletrônicos,85171231,8162115709760,916.31
416,Produto 0416 - Eletrônicos,Eletrônicos,85171231,6868079203273,1762.34
417,Produto 0417 - Áudio,Áudio,85182100,1500028428394,3999.78
418,Produto 0418 - Eletrônicos,Eletrônicos,85171231,1587877705085,2017.59
419,Produto 0419 - Eletrônicos,Eletrônicos,85171231,4937865681943,551.27
420,Produto 0420 - Informática,Informática,84713012,6206363676245,1390.9
421,Produto 0421 - Informática,Informática,84713012,6214820939904,2118.92
422,Produto 0422 - Áudio,Áudio,85182100,8412123876017,791.6
423,Produto 0423 - Informática,Informática,84713012,9643076330172,875.71
424,Produto 0424 - Eletrônicos,Eletrônicos,85171231,9417411312182,1391.28
425,Produto 0425 - Informática,Informática,84713012,9540613186981,937.1
426,Produto 0426 - Eletrônicos,Eletrônicos,85171231,2785674225332,1396.73
427,Produto 0427 - Eletrônicos,Eletrônicos,85171231,3233818154906,1167.54
428,Produto 0428 - Acessórios,Acessórios,84716053,7471456617792,914.52
429,Produto 0429 - TV,TV,85287200,7779520908951,913.67
430,Produto 0430 - TV,TV,85287200,7732691673954,736.5
431,Produto 0431 - TV,TV,85287200,6640320971439,1050.24
432,Produto 0432 - Áudio,Áudio,85182100,5871905329274,2625.75
433,Produto 0433 - Áudio,Áudio,85182100,5306049325397,1291.69
434,Produto 0434 - Informática,Informática,84713012,1180264635796,2014.65
435,Produto 0435 - Acessórios,Acessórios,84716053,2357069656076,1291.47
436,Produto 0436 - Informática,Informática,84713012,1783975384710,1952.18
437,Produto 0437 - Acessórios,Acessórios,84716053,2391985765076,2389.69
438,Produto 0438 - Eletrônicos,Eletrônicos,85171231,8957568872954,2305.19
439,Produto 0439 - Eletrônicos,Eletrônicos,85171231,5810290377114,2941.41
440,Produto 0440 - TV,TV,85287200,1064781427863,2630.47
441,Produto 0441 - Informática,Informática,84713012,9563563221604,958.84
442,Produto 0442 - Acessórios,Acessórios,84716053,7461801543211,2187.93
443,Produto 0443 - Informática,Informática,84713012,8245245607237,2540.04
444,Produto 0444 - Rede,Rede,85176239,7756205730309,3150.98
445,Produto 0445 - Informática,Informática,84713012,8099910444825,2093.17
446,Produto 0446 - Informática,Informática,84713012,6335372992974,1306.94
447,Produto 0447 - Eletrônicos,Eletrônicos,85171231,5861584121880,2719.05
448,Produto 0448 - Eletrônicos,Eletrônicos,85171231,1221140121219,3129.54
449,Produto 0449 - Informática,Informática,84713012,3775534254545,1264.1
450,Produto 0450 - Áudio,Áudio,85182100,7047741845126,3160.44
451,Produto 0451 - TV,TV,85287200,2193039501431,880.3
452,Produto 0452 - Armazenamento,Armazenamento,84717012,2021377867576,689.98
453,Produto 0453 - Acessórios,Acessórios,84716053,3199410750707,1837.93
454,Produto 0454 - Áudio,Áudio,85182100,4412893250458,903.09
455,Produto 0455 - Informática,Informática,847130120,4170670230694,2641.68
456,Produto 0456 - TV,TV,85287200,8861841713041,1093.98
457,Produto 0457 - Informática,Informática,84713012,1147987945457,1025.86
458,Produto 0458 - Informática,Informática,84713012,7587348102695,1707.91
459,Produto 0459 - TV,TV,85287200,8982576059688,1428.59
460,Produto 0460 - Eletrônicos,Eletrônicos,85171231,6868748500157,950.18
461,Produto 0461 - Informática,Informática,84713012,1531981045299,1592.22
462,Produto 0462 - Eletrônicos,Eletrônicos,85171231,8807145865192,1322.9
463,Produto 0463 - Eletrônicos,Eletrônicos,85171231,5819971244415,2930.62
464,Produto 0464 - Eletrônicos,Eletrônicos,851712310,4333326166122,1444.52
465,Produto 0465 - Informática,Informática,84713012,3257574121035,2149.59
466,Produto 0466 - Informática,Informática,84713012,9968046512265,842.43
467,Produto 0467 - Acessórios,Acessórios,84716053,7715575664411,745.04
468,Produto 0468 - Informática,Informática,84713012,4757837740191,997.35
469,Produto 0469 - Áudio,Áudio,85182100,8502840013724,960.65
470,Produto 0470 - TV,TV,85287200,5498873753852,1152.42
471,Produto 0471 - TV,TV,85287200,4630651795537,2515.78
472,Produto 0472 - Eletrônicos,Eletrônicos,85171231,8449855382824,1780.69
473,Produto 0473 - Informática,Informática,84713012,3203013027804,1356.91
474,Produto 0474 - Informática,Informática,84713012,6077940155203,925.58
475,Produto 0475 - Áudio,Áudio,85182100,3186550343536,735.32
476,Produto 0476 - Armazenamento,Armazenamento,84717012,7440779382891,1245.12
477,Produto 0477 - Acessórios,Acessórios,84716053,3121655721854,817.15
478,Produto 0478 - Acessórios,Acessórios,84716053,6563263906288,512.88
479,Produto 0479 - Áudio,Áudio,85182100,2415539347182,1950.09
480,Produto 0480 - Informática,Informática,84713012,5181890089588,1431.9
481,Produto 0481 - Eletrônicos,Eletrônicos,85171231,2798467134554,768.78
482,Produto 0482 - Informática,Informática,84713012,1332779286092,859.04
483,Produto 0483 - Acessórios,Acessórios,84716053,5885223367861,569.82
484,Produto 0484 - Rede,Rede,85176239,9043042495676,743.04
485,Produto 0485 - Rede,Rede,85176239,5574016699812,1234.77
486,Produto 0486 - Áudio,Áudio,85182100,2805985592646,2026.92
487,Produto 0487 - Informática,Informática,84713012,7906658606470,1830.04
488,Produto 0488 - Áudio,Áudio,85182100,9518455963872,1060.82
489,Produto 0489 - Acessórios,Acessórios,84716053,3805692293773,1717.84
490,Produto 0490 - Rede,Rede,85176239,7180803089599,1629.61
491,Produto 0491 - Informática,Informática,84713012,9254151042075,1011.3
492,Produto 0492 - Armazenamento,Armazenamento,84717012,9453215177884,954.31
493,Produto 0493 - Rede,Rede,85176239,5698144150011,748.39
494,Produto 0494 - Informática,Informática,84713012,1485314505544,1483.77
495,Produto 0495 - Informática,Informática,84713012,4189822299054,569.19
496,Produto 0496 - Acessórios,Acessórios,84716053,3750749979056,836.4
497,Produto 0497 - Informática,Informática,84713012,7225623170517,2369.13
498,Produto 0498 - Informática,Informática,84713012,7640534103052,972.18
499,Produto 0499 - Acessórios,Acessórios,84716053,2521219727494,2691.43
500,Produto 0500 - Rede,Rede,85176239,8361943728985,1165.34
501,Produto 0501 - Informática,Informática,84713012,1121672443393,1434.65
502,Produto 0502 - TV,TV,85287200,9161744882286,1101.36
503,Produto 0503 - TV,TV,85287200,1486441360661,1702.43
504,Produto 0504 - Acessórios,Acessórios,84716053,3619337608490,3945.14
505,Produto 0505 - Informática,Informática,84713012,4484989196530,1630.03
506,Produto 0506 - Acessórios,Acessórios,84716053,7895662064635,1319.57
507,Produto 0507 - Rede,Rede,85176239,9516993029042,541.82
508,Produto 0508 - Eletrônicos,Eletrônicos,85171231,8636232044441,1588.4
509,Produto 0509 - Armazenamento,Armazenamento,84717012,5736643996916,3254.6
510,Produto 0510 - Informática,Informática,84713012,7291038348481,1881.23
511,Produto 0511 - Informática,Informática,84713012,2692431202749,2208.61
512,Produto 0512 - TV,TV,85287200,6847885274317,1326.72
513,Produto 0513 - Acessórios,Acessórios,84716053,5900063081816,1049.51
514,Produto 0514 - Acessórios,Acessórios,84716053,5366301487206,1998.97
515,Produto 0515 - Informática,Informática,84713012,3446479321751,2387.3
516,Produto 0516 - Eletrônicos,Eletrônicos,85171231,3732000957118,1075.87
517,Produto 0517 - Informática,Informática,84713012,3827599890355,846.76
518,Produto 0518 - Armazenamento,Armazenamento,84717012,9356983133228,1837.74
519,Produto 0519 - Informática,Informática,84713012,4236332004062,1715.88
520,Produto 0520 - Informática,Informática,84713012,8301336963819,2173.41
521,Produto 0521 - Rede,Rede,85176239,8171707708302,1771.86
522,Produto 0522 - Eletrônicos,Eletrônicos,85171231,5631169361256,2531.58
523,Produto 0523 - Informática,Informática,84713012,8965967335448,2220.65
524,Produto 0524 - Informática,Informática,84713012,6959105992793,2601.07
525,Produto 0525 - Informática,Informática,84713012,6933161249898,2319.88
526,Produto 0526 - Armazenamento,Armazenamento,84717012,2936471700500,907.02
527,Produto 0527 - Acessórios,Acessórios,84716053,1925612493240,1897.48
528,Produto 0528 - Informática,Informática,84713012,9391528005975,4105.35
529,Produto 0529 - TV,TV,85287200,9825711431267,2143.66
530,Produto 0530 - Informática,Informática,84713012,5122343907734,1069.55
531,Produto 0531 - TV,TV,85287200,9259730427866,1130.05
532,Produto 0532 - Acessórios,Acessórios,84716053,5721693592376,1112.04
533,Produto 0533 - TV,TV,85287200,5791578543024,1289.83
534,Produto 0534 - Informática,Informática,84713012,7552561576157,2123.25
535,Produto 0535 - Áudio,Áudio,85182100,4574240794405,2768.28
536,Produto 0536 - Informática,Informática,84713012,7183205509499,4160.98
537,Produto 0537 - Áudio,Áudio,85182100,5767358727043,2110.83
538,Produto 0538 - Rede,Rede,85176239,2367040522759,1745.13
539,Produto 0539 - Informática,Informática,84713012,5774017072922,4743.74
540,Produto 0540 - Eletrônicos,Eletrônicos,85171231,1134064402129,1393.01
541,Produto 0541 - Eletrônicos,Eletrônicos,85171231,5651763402795,1191.92
542,Produto 0542 - Acessórios,Acessórios,84716053,3656366331149,1610.73
543,Produto 0543 - Rede,Rede,85176239,7329061720349,3792.83
544,Produto 0544 - Informática,Informática,84713012,9913348183988,1448.38
545,Produto 0545 - Rede,Rede,85176239,5006658572234,1678.5
546,Produto 0546 - TV,TV,85287200,4875904108391,675.92
547,Produto 0547 - Acessórios,Acessórios,84716053,1033289851053,5638.41
548,Produto 0548 - TV,TV,85287200,8714717782920,3761.6
549,Produto 0549 - Eletrônicos,Eletrônicos,85171231,5044695485406,3145.36
550,Produto 0550 - Acessórios,Acessórios,84716053,1506780245862,1106.6
551,Produto 0551 - Acessórios,Acessórios,84716053,9186928105601,1307.51
552,Produto 0552 - TV,TV,85287200,6955912248033,1487.18
553,Produto 0553 - TV,TV,85287200,7803010644791,1411.26
554,Produto 0554 - Eletrônicos,Eletrônicos,85171231,5465217955171,3713.82
555,Produto 0555 - Áudio,Áudio,85182100,1023702988171,1160.59
556,Produto 0556 - Armazenamento,Armazenamento,84717012,5239716572287,3071.15
557,Produto 0557 - TV,TV,85287200,6868532723531,1495.25
558,Produto 0558 - TV,TV,85287200,9969563158795,2031.8
559,Produto 0559 - TV,TV,85287200,7141376555617,6643.89
560,Produto 0560 - Áudio,Áudio,85182100,6896738440627,1105.89
561,Produto 0561 - TV,TV,85287200,3339713943635,1681.36
562,Produto 0562 - Informática,Informática,84713012,1960706520693,1873.8
563,Produto 0563 - Eletrônicos,Eletrônicos,85171231,6540824788664,3280.56
564,Produto 0564 - Acessórios,Acessórios,84716053,1098679564842,1261.38
565,Produto 0565 - TV,TV,85287200,7414679868222,1927.95
566,Produto 0566 - Eletrônicos,Eletrônicos,85171231,8585238761279,1949.22
567,Produto 0567 - Informática,Informática,84713012,4630416450341,535.15
568,Produto 0568 - Eletrônicos,Eletrônicos,85171231,8024191279316,1804.43
569,Produto 0569 - Informática,Informática,84713012,5008201793696,1235.89
570,Produto 0570 - TV,TV,85287200,6376058299981,1306.08
571,Produto 0571 - Armazenamento,Armazenamento,84717012,5863281236010,944.86
572,Produto 0572 - Informática,Informática,84713012,2676421216480,1758.94
573,Produto 0573 - Acessórios,Acessórios,84716053,9163163353490,905.03
574,Produto 0574 - Armazenamento,Armazenamento,84717012,6472600453828,768.17
575,Produto 0575 - TV,TV,85287200,3002474350972,2054.6
576,Produto 0576 - Eletrônicos,Eletrônicos,85171231,3378166120024,805.07
577,Produto 0577 - Áudio,Áudio,85182100,7678131697532,670.57
578,Produto 0578 - Acessórios,Acessórios,84716053,1362237188575,2022.19
579,Produto 0579 - Eletrônicos,Eletrônicos,85171231,5068458138351,1270.07
580,Produto 0580 - Acessórios,Acessórios,84716053,6140266324115,775.27
581,Produto 0581 - Informática,Informática,84713012,2111892241591,1420.99
582,Produto 0582 - Informática,Informática,84713012,1315659960555,2525.86
583,Produto 0583 - Informática,Informática,84713012,7821179837593,1681.88
584,Produto 0584 - Acessórios,Acessórios,84716053,3400779487588,1803.59
585,Produto 0585 - Acessórios,Acessórios,84716053,5090644242352,732.51
586,Produto 0586 - Áudio,Áudio,85182100,7529059247064,2998.57
587,Produto 0587 - Acessórios,Acessórios,847160530,2023028048504,2065.19
588,Produto 0588 - Acessórios,Acessórios,84716053,8216922539421,1519.03
589,Produto 0589 - TV,TV,85287200,1673692726081,779.94
590,Produto 0590 - Eletrônicos,Eletrônicos,85171231,8350391523747,1342.07
591,Produto 0591 - Acessórios,Acessórios,84716053,3391292686827,863.02
592,Produto 0592 - Informática,Informática,84713012,7782741511018,3175.81
593,Produto 0593 - Armazenamento,Armazenamento,84717012,1479754697526,543.21
594,Produto 0594 - Informática,Informática,84713012,2388835184569,1217.58
595,Produto 0595 - Informática,Informática,84713012,2724895143682,2493.01
596,Produto 0596 - Áudio,Áudio,85182100,3337027111007,1486.13
597,Produto 0597 - Eletrônicos,Eletrônicos,85171231,9040552487708,1924.82
598,Produto 0598 - Eletrônicos,Eletrônicos,85171231,7794225602098,1615.88
599,Produto 0599 - Acessórios,Acessórios,84716053,7377880338831,802.68
600,Produto 0600 - Acessórios,Acessórios,84716053,5306961642753,804.84
